00000000: 8950 4e47 0d0a 1a0a 0000 000d 4948 4452  .PNG........IHDR
00000010: 0000 0140 0000 00c8 0806 0000 0099 0438  ...@...........8
00000020: ab00 0080 0049 4441 5478 5edc 9deb 61e3  .....IDATx^...a.
00000030: baae 85d3 425a 700b 6e21 2da4 85b4 9016  ....BZp.n!-.....
00000040: d2c2 b430 2da4 8569 61b7 b05b 986b 3c16  ...0-..ia..[.k<.
00000050: b000 42b2 ec38 33fb dc1f 2b96 288a 0f90  ..B..83...+.(...
00000060: fc04 528f 3c3d 3d3f ff16 3dbb b08f b0f3  ..R.<==?..=.....
00000070: e954 8eab 4e6d 9f24 f1cf e7d3 ef93 e8c4  .T..Nm.$........
00000080: b234 e538 c234 dda7 a708 e37c 90ce 12df  .4.8.4.....|....
00000090: f347 7aa5 4c1e 87cf 61c9 718e d7cb fe14  .Gz.L...a.q.....
000000a0: 711e adf3 1dc2 7999 cef9 7cfe 7d7a 79b9  q.....y...|.}zy.
000000b0: e8f5 f779 d44b d3b5 e377 e82c 3a8f 3ab9  ...y.K...w.,:.:.
000000c0: b6ed d8eb 58eb b71f ef4f c9fa 8af6 3fdf  ....X....O....?.
000000d0: 563d 8bb6 fb56 c6b1 782c e95b b63d c7e9  V=...V..x,.[.=..
000000e0: fdf0 f9b9 dbe3 0192 346f 968f 0bfa 7d7a  ........4o....}z
000000f0: a271 7719 bb4f 22df 9fc6 f161 f9b8 1cc7  .qw..O"....a....
00000100: 6b4b 1f6c 91e3 735e 5976 91f4 c735 5dab  kK.l..s^Yv...5].
00000110: e313 6057 2a49 fb92 692d 98c0 a766 cc71  ..`W*I..i-...f.q
00000120: 6340 507c 4def 0e00 72a1 39fe f349 d42a  c@P|M...r.9..I.*
00000130: 7f00 8052 16c4 6395 bab4 635f 531f 5c37  ...R..c...c_S.\7
00000140: 0a50 3939 605e 6e81 9fe8 f5f7 8b6b 3b4e  .P99`^n......k;N
00000150: c6e5 f822 c96f 8df7 b280 ef38 04b9 7efd  ...".o.....8..~.
00000160: d856 bc3f 29eb 27b5 ffa6 1056 e028 83e8  .V.?).'....V.(..
00000170: b902 afc2 ae87 e5b1 d27f 07cd 36bc 530b  ............6.S.
00000180: dc8e c8cb 41bf df01 c00e 2891 95bb c6eb  ....A.....(.....
00000190: 0064 1b4a 1ac6 992c c3d3 73bb 880d 7928  .d.J...,..s...y(
000001a0: 00a3 20ae 65db 23f3 c925 dea5 a07d 202c  .. .e.#..%...} ,
000001b0: 9d68 f108 ff1c 00d9 985b 9daa d7f5 ebea  .h.......[......
000001c0: 83eb 0bda 85df 0aa8 17d5 0562 af07 6076  ...........b..`v
000001d0: 1890 a4de ce03 00af 43b0 87f7 e37f 5672  ........C.....Vr
000001e0: 91b1 fe42 fdf6 59e4 1776 0e6b c7ef 939d  ...B..Y..v.k....
000001f0: cb03 fcb1 fdaf 6981 db11 e518 ef4c 50c9  ......i......LP.
00000200: 587c 16d9 fe34 8e8f 88c7 ebde b91c 4fea  X|...4........O.
00000210: c471 d96e 08ef 1c98 5400 a809 6dec 33a5  .q.n....T...m.3.
00000220: 4783 9c45 3c18 4e06 3d56 cf5c cebb 0380  G..E<.N.=V.\....
00000230: 53fc 3d00 22ae 849b 912c eef7 6a1d 64f7  S.=."....,..j.d.
00000240: 2ae1 7514 540e 3e07 e07c ce14 76a3 743a  *.u.T.>..|..v.t:
00000250: 2c5a 0188 edb4 39db c5b6 b5ff c8cc 6039  ,Z....9.......`9
00000260: fe77 044f bbf4 1f07 5585 623d 863e b842  .w.O....U.b=.>.B
00000270: ee98 72bc 755b 3d40 0bd4 8e2a cb35 8e77  ..r.u[=@...*.5.w
00000280: 9100 f029 f7c7 7179 407b 0094 639d 4152  ...)..qy@{..c.AR
00000290: af1e af6b f22a 272d 009c d4e3 2cfb 43c2  ...k.*'-....,.C.
000002a0: 801e d6f1 a675 c13d a06d 416c 2bfe 1e00  .....u.=.mAl+...
000002b0: 235e 800f bfdf a975 80dd 2501 4907 cf21  #^.....u..%.I..!
000002c0: e594 763d ff01 f013 8df0 9376 ae10 dcf2  ..v=.......v....
000002d0: 6a74 402d e183 0dfe 80cc 0334 f8b1 d087  jt@-.......4....
000002e0: 0a00 79fb b982 acc3 6d57 b29c e4e7 99ba  ..y.....mW......
000002f0: 2d1e a405 6e47 94e5 0a00 89ca 14b8 ee8f  -...nG..........
00000300: e3f2 4e21 2d29 7fe4 4ffb 32bd ddca 07e7  ..N!-)..O.2.....
00000310: 72bf ec4c 0836 5862 553d 41cd 9c8e 6d6d  r..L.6XbU=A...mm
00000320: 2373 859e ab42 cf1b 1d99 cb39 1b53 daa9  #s...B.....9.S..
00000330: c09a d7d3 6c68 9efb f3b9 bd3e 3c9d 5f3a  ....lh.....><._:
00000340: ca43 b50e b2bb 7427 0063 1aac aae1 3d6e  .C....t'.c....=n
00000350: 1103 ad1f 9b44 f157 105a 279c 3cc1 6897  .....D.W.Z'.<.h.
00000360: 7631 ca76 196c f18d 32f8 2500 a3df 0172  v1.v.l..2.%....r
00000370: 0eab 3d00 deab a97f 3e5c 0be0 ae89 ca44  ..=.....>\.....D
00000380: bf7f 1a80 3c8e d187 7afa 256e bb00 df04  ....<...z.%n....
00000390: 4049 8cb7 af49 e361 21d4 1743 fb60 2803  @I...I.a!..C.`(.
000003a0: 4233 7d76 d936 2ad6 0d17 20e5 c27a 7e53  B3}v.6*... ..z~S
000003b0: fc43 1e60 c4cb f8df a775 90dd 2db1 5f07  .C.`.....u..-._.
000003c0: cf86 0038 03e0 ac05 602f 6b9b 21ec 6abe  ...8....`/k.!.j.
000003d0: fdbc d2e6 14d6 ec13 6de2 edd0 3be6 c36d  ........m...;..m
000003e0: b8a3 4dcf 8f01 1700 7cac 9631 d5ec f42d  ..M.....|..1...-
000003f0: 5a60 d7b5 964b cb86 6d69 33f9 7dd0 14b8  Z`...K..mi3.}...
00000400: ab8f 5fd3 73f4 0b4e 9f67 9f5b 7db0 cf3c  .._.s..N.g.[}..<
00000410: d916 cb14 f808 0035 0ee8 df01 a805 a985  .......5........
00000420: 8981 b014 c2d3 2478 b111 1e01 c092 8fc7  ......$x........
00000430: dbba 1bfc 58ad 03ed 1ee9 d44c 6d28 3741  ....X......Lm(7A
00000440: 183e e702 a205 6c1e 36e9 08c0 b4dd 7a5c  .>....l.6.....z\
00000450: 3ea7 e5bf 283a 5ff6 81be 503d 0df6 da41  >...(:_...P=...A
00000460: 577b 7c97 2608 8e20 7ca0 d027 737b b5c7  W{|.&.. |..'s{..
00000470: b708 a0a3 b06b 635e 7404 8067 8cad e1fc  .....kc^t..g....
00000480: 6b82 bda5 3c5b 63b7 9e93 71a1 0abf 538a  k...<[c...q...S.
00000490: d264 c62d 00dc 528f 9710 ac00 ec44 eede  .d.-..R......D..
000004a0: 1f03 6a0f 68b7 0050 3b94 5f21 3a00 535e  ..j.h..P;._!:.S^
000004b0: 66f9 3d0d 9de2 615a 07d7 4344 3099 00b4  f.=...aZ..CD0...
000004c0: 808d c23a 0023 2ea7 b725 cda7 e5b7 1c47  ...:.#...%.....G
000004d0: 38ab a6a3 fde0 9410 bcde 1683 0dbe 4979  8.............Iy
000004e0: 0798 fa2e b6bf 097e a265 8c2d 36f8 3ea1  .......~.e.-6.>.
000004f0: 9ed8 efe3 bb8f f512 f660 004e f710 5026  .........`.N..P&
00000500: 3986 47e8 2cfe 69f3 1c6d 37f4 b5e6 f589  9.G.,.i..m7.....
00000510: 9086 a60b 2d95 bb22 9c18 dbb4 0ea0 0deb  ....-.."........
00000520: 20ea c239 4780 8678 4701 c8e9 4a58 9e53   ..9G..xG...JX.S
00000530: cba3 e53d ad9d e16b 9241 c4db 0f56 34e8  ...=...k.A...V4.
00000540: 3e00 2b04 ed58 87de 02c0 69ea bb27 80b0  >.+..X....i..'..
00000550: 85ab a7d8 e3b6 63b3 0758 db03 edf4 6db6  ......c..X....m.
00000560: dc51 81e0 83a0 d7c7 cede 311d 4fa5 5f3d  .Q........1.O._=
00000570: 4e51 af16 26bf 47c6 ff12 8700 388d 4138  NQ..&.G.....8.A8
00000580: 1b3d 9d6d ade5 ecbc b072 d7bc a6fa a906  .=.m.....r......
00000590: f871 9ada f7b0 7d5b 41f3 6415 7b80 435c  .q....}[A.d.{.C\
000005a0: 111b 655d ef79 de05 da2d 00c4 1541 c2f8  ..e].y...-...A..
000005b0: 9cc9 0d16 f54e 72bf 6400 e1f7 013a e7af  .....Nr.d....:..
000005c0: 428f 0077 4d15 6e2b f470 ecd1 00bc a60e  B..wM.n+.p......
000005d0: 3f91 f69f c596 bd6d 06fb 7c41 b19c 50c2  ?......m..|A..P.
000005e0: 2d9f c50b 7408 a27f 75b8 4dea 7dff 564d  -...t...u.M.}.VM
000005f0: f678 94d8 ae7d 1c6c 8ddd 2817 49c3 0244  .x...}.l..(.I..D
00000600: 8f01 e096 3757 c72a 9fe3 6103 38fb 79bd  ....7W.*..a.8.y.
00000610: 1cbd 2e5f 03a0 845d 01a0 483b c8e8 19da  ..._...]..H;....
00000620: f913 d06e 0520 8789 4173 009e 0280 1176  ...n. ..As.....v
00000630: 5a3b c831 ad83 eafa f13b 2483 b4c1 6d4b  Z;.1.....;$...mK
00000640: 1d6c 5bfb f24c e02b 8547 1a03 b01e ad6b  .l[..L.+.G.....k
00000650: 00e4 0e9b 7d63 b0cb 23e4 e5e1 e938 2bf2  ....}c..#....8+.
00000660: bfd1 0bec 7dfe 66b9 73f0 700d 3735 009c  ....}.f.s.p.75..
00000670: ade3 57f5 700f d0b5 3848 2bc0 908f c40b  ..W.p...8H+.....
00000680: 88f5 3a0f f5ea dc0a 4d19 1c15 12e9 8658  ..:.....M......X
00000690: a4f0 3300 c6c0 f00a ee01 ed5e 00da b935  ..3........^...5
000006a0: 9fc8 1b1e 4c84 cf03 c134 0ca0 2df9 207f  ....L....4..-. .
000006b0: eae1 b74a 0627 036a 5352 97d5 c3d3 879f  ...J.'.jSR......
000006c0: 1bec 2608 96b5 3db5 95db 9bbd 65be 68dc  ..&...=.....e.h.
000006d0: a1a8 c779 cfc6 260c 48b4 c9ea a93d 4892  ...y..&.H....=H.
000006e0: aea7 3d81 99cb 3341 50fa da43 80d7 b455  ..=...3AP..C...U
000006f0: 8e47 29c7 cae9 060d e57c b6f1 358d fb2d  .G)......|..5..-
00000700: 0046 fc1b b48c fb76 acd6 e9ba c02a 9c13  .F.....v.....*..
00000710: fbb7 24d2 4589 ac85 09e8 19f8 426d 3aba  ..$.E.......Bm:.
00000720: 07b4 fe1c 218c be15 1f61 b8c2 f501 5906  ....!....a....Y.
00000730: a777 7e01 d6dc f986 c1b3 211e 4c77 03f0  .w~.......!.Lw..
00000740: 6c3a 3eed 3dc7 f602 41d1 6b3e 00bd 1c2b  l:>.=...A.k>...+
00000750: e918 a054 6eb7 6bb6 bbaa 364d d6b5 cbd1  ...Tn.k...6M....
00000760: b6d5 e6a5 9f74 fb7c 555e 0e53 cd6b bbdd  .....t.|U^.S.k..
00000770: 2d4c fad4 7740 2fa6 727f 530b f4a0 5ed6  -L..w@/.r.S...^.
00000780: 1403 681a 83b7 03b0 e637 8d6f 968e b321  ..h......7.o...!
00000790: 7c49 33ea e7e7 2d71 244c 1f42 7e36 f1c1  |I3...-q$L.B~6..
000007a0: 290c 0953 8280 5249 dcc1 8730 8399 0c06  )..S..RI...0....
000007b0: f3e8 d8b3 db03 dabd 0084 c1fb 3bca b5f3  ............;...
000007c0: 7327 cfce 9e1a 06d1 28af db12 7e40 e755  s'......(...~@.U
000007d0: 00e0 02a9 450e 9a06 36c0 6fd7 136c 614b  ....E...6.o..laK
000007e0: da64 b3fe 4853 0ddf 3836 ac13 6e7b 7469  .d..HS..86..n{ti
000007f0: f3bf 01c0 636d 5e07 92a8 7b86 b74c 85e7  ....cm^...{..L..
00000800: 0bee 5fd6 41f8 891e 0f40 1798 3372 8775  .._.A....@..3r.u
00000810: bd8c 1300 2755 004e ea09 52a2 1d80 4f6d  ....'U.N..R...Om
00000820: 5114 4a00 dac0 39ee 01fa 40e3 e33b f119  Q.J...9...@..;..
00000830: 8075 30b9 3c5f ab07 75ee a5c3 dfa8 f310  .u0.<_..u.......
00000840: b625 89bb a3db 3c40 6805 1c83 5020 98a0  .%....<@h...P ..
00000850: e3f3 ecdc 4564 775e 4365 3bf2 94f9 1afc  ....Edw^Ce;.....
00000860: a0eb 76ea 6d73 87d8 9e2d bcaf fd55 000e  ..v.ms...-...U..
00000870: 6915 71dc 8303 9ac4 d0ab f9fe 8774 0700  i.q..........t..
00000880: 7bb8 f591 3b01 f870 655d b6bc c67d 0046  {...;..pe]...}.F
00000890: 22ae 6228 07a0 3c07 44cf 0215 791a 9b40  ".b(..<.D...y..@
000008a0: 92e3 3b40 ebb0 dc04 a096 37c3 223f 1eb4  ..;@......7."?..
000008b0: 9ade 391a 6fed e0f7 09d3 df32 e078 10de  ..9.o......2.x..
000008c0: a87d 0036 789d 797f 0020 d4bc c13d 48a5  .}.6x.y.. ...=H.
000008d0: 3adc 3af4 faf1 eb2a 36fa 8a90 56d7 c6b1  :.:....*6...V...
000008e0: f4fc d203 5cbd b021 1f92 dd25 1665 7f9a  ....\..!...%.e..
000008f0: 2010 6366 49bf f6c5 7eec 3fa3 0310 bc0e   .cfI...~.?.....
00000900: c075 2cf7 b87b b2a5 a43a 8bbc 5768 e7ad  .u,..{...:..Wh..
00000910: 7408 806c 88be ef46 e16d 3db9 01d0 81a7  t..l...F.m=.....
00000920: d301 ad00 0cb2 b11e 7815 803e f0f8 788b  ........x..>..x.
00000930: dff3 2a00 1401 8218 ac71 6ced e4f7 685c  ..*......ql...h\
00000940: b01f 06e1 9ed6 017a 5ed6 ef16 089e 9b5a  .......z^......Z
00000950: 38a6 d193 8e43 10aa d04b 0fb0 c7eb aa71  8....C...K.....q
00000960: 173b 759d 87b0 5b6c dad3 419e a3ac 1f64  .;u...[l..A....d
00000970: 1fa7 f35b be12 bf5f c479 50ad 30fd 1f15  ...[..._.yP.0...
00000980: 3b3b 3416 eb4c b0ce b6a6 f0e9 d851 61fd  ;;4..L.......Qa.
00000990: def4 7500 aeaa 751b 00c8 db1b 6a00 ccb7  ..u...u.....j...
000009a0: 40e4 dce7 7120 a471 2a18 3bd0 50b0 2d00  @...q .q*.;.P.-.
000009b0: ca34 7b13 8072 65f7 7391 070f e0ee 11e2  .4{..re.s.......
000009c0: aabe 74fa 1b14 003c db60 d912 8eaf 03b1  ..t....<.`......
000009d0: aac4 d902 d700 41be e31a f507 78e2 dc06  ......A.....x...
000009e0: 523a 7f5b 157e 0bf8 7a39 5464 e35b 00d8  R:.[.~..z9Td.[..
000009f0: 75be 5fdd ae51 aea5 0fa0 5f7b 9e2d ff38  u._..Q...._{.-.8
00000a00: f724 6a63 80f6 6b5a ff0f 14f5 eb00 b903  .$jc..kZ........
00000a10: 8043 1a9b 7286 2ce1 dfa4 a75b ae5e 0620  .C..r.,....[.^. 
00000a20: baf2 6902 fe8b 8203 8097 81f1 e2ca 41c2  ..i...........A.
00000a30: 2014 d9b9 9341 1980 e8b4 8701 48e7 15f8   ....A......H...
00000a40: b5ce cf83 b26b 190c 5b2a 83cb f6f7 0761  .....k..[*.....a
00000a50: 6a8a b384 39b0 662f 8e40 a676 2608 aadc  j...9.f/.@.v&...
00000a60: 867e 6c3b 8d21 bd28 43b5 d7a4 1eaf 0865  .~l;.!.(C......e
00000a70: 40bc 6ebf aef3 edea 36dc 572d 5ff6 ef56  @.n.....6.W-_..V
00000a80: 8e45 eb78 8096 3a0f 71aa aea7 f95f d204  .E.x..:.q...._..
00000a90: baad 70d4 ff6e 007e a37a 7935 ec3a 009f  ..p..n.~.zy5.:..
00000aa0: c7ca 22c1 fe08 ccea 7d35 d171 18ea 1600  ..".....}5.q....
00000ab0: 32f0 fafe 0c40 e49d e970 f9d6 0162 ea83  2....@...p...b..
00000ac0: 6c4f 31b0 0882 3dbd 2d1d 8ebb 01a9 1003  lO1...=.-.......
00000ad0: 1071 064f 91e3 8d20 6ded b3dd 96ab 3d8b  .q.O... m.....=.
00000ae0: 775f 6c6f 527b 2d60 6942 bc83 5aec 54d4  w_loR{-`iB..Z.T.
00000af0: cb57 b5f6 f5a1 3c45 1997 d3e8 e96e 85df  .W....<E.....n..
00000b00: 9bd7 d765 63f8 6eb5 69e3 345e fbd8 ffdb  ...ec.n.i.4^....
00000b10: 0054 360d 617d 7f17 8071 c246 053a 003b  .T6.a}...q.F.:.;
00000b20: 8ce4 b70c 3cf9 2523 c150 9341 b700 080f  ....<.%#.P.A....
00000b30: 50c2 8f01 704d 0792 f075 d06c ab0f 3e0c  P...pM...u.l..>.
00000b40: 40ae 93da ee2c 5acf 9f84 350f 00a2 1f2f  @....,Z...5..../
00000b50: 5abc b515 867d dabc e5e9 95e3 722e d521  Z....}......r..!
00000b60: 049b 0db6 4b91 fdfd 9c0e 3ed8 596d b60c  ....K.....>.Ym..
00000b70: f426 c43b a0c5 3e45 bd9c a6de c757 d5f2  .&.;..>E.....W..
00000b80: c4ac e0bc da08 e7f4 3cf6 b495 cfaa 5eae  ........<.....^.
00000b90: bf24 821f a032 8d57 4016 f55c 8ef1 fe1f  .$...2.W@..\....
00000ba0: 12ca dbc1 578f 3d79 257b c5b5 42a4 2191  ....W.=y%{..B.!.
00000bb0: 496c 1c6c 97c1 4046 3abc 06e8 0350 8f7b  Il.l..@F:....P.{
00000bc0: fc23 00ac 83d0 8e73 67c4 c0fc ba7a e736  .#.....sg....z.6
00000bd0: 71fa 5b03 1617 2089 bb15 a768 8098 eeb7  q.[... ....h....
00000be0: 7cd3 031c e2aa 7a7b 10c4 bac8 9652 860e  |.....z{.....R..
00000bf0: 02c4 59ca 2a5a 06f6 86ce d785 34b7 ed84  ..Y.*Z......4...
00000c00: 72f4 f271 5e6b 3b4d 5aea d6c3 a6f8 63de  r..q^k;MZ.....c.
00000c10: abec 9c56 ff45 6b99 be26 19c7 3dec 8aa6  ...V.Ek..&..=...
00000c20: 1b22 6d8c 47f8 c9c7 dd70 4cc2 2608 fd2d  ."m.G....pL.&..-
00000c30: 3118 1380 5031 c273 d590 5817 2adb efce  1...P1.s..X.*...
00000c40: 1651 4739 0240 c49d 00a8 f161 7c09 8bf3  .QG9.@.....a|...
00000c50: 127c e597 caf1 3800 8a2c ef5c 0b35 1b5e  .|....8..,.\.5.^
00000c60: cb87 9f49 db82 4807 00c4 509a 9f33 b372  ...I..H...P..3.r
00000c70: 681c 787a 717e 6b93 aeb0 1b9f e365 5906  h.xzq~k......eY.
00000c80: eb03 84b4 7784 fcbb 1daa 5087 ed74 d576  ....w.....P..t.v
00000c90: 642f 93c4 f7df 25ad d536 d17f 5db2 0d3b  d/....%..6..]..;
00000ca0: 8d17 08d2 9a2f ab1f ff9a 784c edcd f646  ...../....xL...F
00000cb0: 6ddc 15ee e375 1aeb 1d8e 9d13 7f4b 0c3f  m....u.......K.?
00000cc0: db0f 004a 40ad e802 c02b 15a9 8648 8348  ...J@....+...H.H
00000cd0: 66a5 53dc 08c0 3d0f 10e5 44dc 1580 0d84  f.S...=...D.....
00000ce0: 9e17 0fea c708 f573 030f 2084 38ef de29  .......s.. .8..)
00000cf0: 0f97 ebd4 e059 d2c9 bc91 dfb8 1e78 45c8  .....Y.......xE.
00000d00: 4bc1 b10c d407 0a79 6c68 a93b 952b cad7  K......ylh.;.+..
00000d10: c28b 280f 395e e1e7 c749 3ced ad92 7e48  ..(.9^...I<...~H
00000d20: dbcd eedc b6c7 20b8 e6cd 7de1 4b72 67a6  ...... ...}.Krg.
00000d30: 8048 fbe5 1077 4b07 0118 e154 ef7e ec6f  .H...wK....T.~.o
00000d40: 4bc7 246e d8b2 a682 96b0 1b00 b89c 83ed  K.$n............
00000d50: e7bf 09c0 045f ecfb f6da c1bf 2ef5 029f  ....._..........
00000d60: 0d80 f12b f56c 0a3b 2cc7 72a0 6eab 0f24  ...+.l.;,.r.n..$
00000d70: 56b3 3de5 1736 e11b 24e5 e689 ed9f 4467  V.=..6..$.....Dg
00000d80: 82c7 37a9 4006 65f0 8fa9 727d 1974 1cc6  ..7.@.e...r}.t..
00000d90: eaf1 37a5 7993 ad59 4b5a d457 0bfc fcd8  ..7.y..YKZ.W....
00000da0: d806 67aa 57c6 9934 9661 49ef aba2 fe50  ..g.W..4.aI....P
00000db0: d4e3 ede8 0800 3106 a763 7f59 0bf4 f818  ......1..c.Y....
00000dc0: 767a 84a5 02a3 1177 f49f 00a0 c52b 2094  vz.....w.....+ .
00000dd0: 5f8f 533b f463 0400 163b 483d 55d8 cfb0  _.S;.c...;H=U...
00000de0: 3a80 2c7c 2adb 3230 e9bc 3aa0 b6f3 8ab8  :.,|*.20..:.....
00000df0: 3198 79bb e6b5 0ecc 3bc5 6963 2d52 de4a  1.y.....;.ic-R.J
00000e00: 797b fbfd fefe fefb e3c3 f523 b725 5c8e  y{.........#.%\.
00000e10: c707 1dfc 7cb4 eb54 debe bf29 2fd3 58c7  ....|..T...)/.X.
00000e20: 21ad d069 086b ed60 eae9 6638 3f66 9517  !..i.k.`..f8?f..
00000e30: c5ed f835 dd3b b4e1 05b2 a68b f3a2 2f02  ...5.;......../.
00000e40: 50c2 f6ca f05d ea3c 9bd8 a600 dc12 27d2  P....].<......'.
00000e50: 13df d409 d3e0 9c0e cbf9 5f05 6000 ef26  .........._.`..&
00000e60: 0092 3c3c 3aee d299 bfaa b50e 285b d178  ..<<:.......([.x
00000e70: 4c3a 5a6e f741 ce03 98f3 92b8 33fc 525b  L:Zn.A......3.R[
00000e80: c7a3 2d96 e397 f455 35ec b0b8 ec0e bb97  ..-....U5.......
00000e90: 3701 9e49 e0f6 fe2e f083 7cff 02bc 3787  7..I......|...7.
00000ea0: decb 6bbf 935d dbb2 dce9 7ef5 ff95 d26c  ..k..]....~....l
00000eb0: 36d9 6e04 207e 797b 4867 55b7 db11 5bf1  6.n. ~y{HgU...[.
00000ec0: f16b e7f4 746f 57ef 8b7d 2cc7 181f ce2d  .k..toW..},....-
00000ed0: fa1f 0420 eada b5c4 2b11 8639 3227 d84f  ... ....+..92'.O
00000ee0: ee5a 1743 af03 908f 711e 1d80 1d98 1d80  .Z.C....q.......
00000ef0: f28f d94f a280 6117 81d1 d35e 3bf5 d7b4  ...O..a....^;...
00000f00: 787f 28db 04bf ad38 5247 0c46 52cd 6b02  x.(....8RG.FR.k.
00000f10: 17d9 57b4 3940 6bbc 7a6c 1a80 7d60 925a  ..W.9@k.zl..}`.Z
00000f20: b902 4e0d 7a6f 0e3e 7877 2b04 2ff0 1329  ..N.zo.>xw+./..)
00000f30: 045f 7ebf 5da0 f6ea 020c d7f6 b436 95f7  ._~.]........6..
00000f40: 9bc5 5bb4 73ed 9de7 1988 59df ac37 d998  ..[.s.....Y..7..
00000f50: b67b bb6e a982 63b0 cf97 d4db e66b 5afa  .{.n..c......kZ.
00000f60: e573 1fe3 14bf acfd 89ea 79d3 78fd af01  .s........y.x...
00000f70: 90d5 5956 8ee1 a06a 0020 9fd8 f7bb eeb9  ..YV...j. ......
00000f80: 09c2 c7ba d112 5c6b fc43 005c 16fd bf07  ......\k.C.\....
00000f90: 7ca6 b50e 87e0 b7c4 af1d 772d 6fda 91e3  |.........w-o...
00000fa0: 856d 493d ad0a dacc afb4 09a5 8fe9 5a19  .mI=..........Z.
00000fb0: 984b 791a f8dc 8353 80f9 34f7 fdfd 02c0  .Ky....S..4.....
00000fc0: 06c2 1f3f 7e5c f4f1 fbe7 4536 f57d fbfd  ...?~\....E6.}..
00000fd0: f16e 020c 252d 1e54 2827 b72d ca20 7179  .n..%-.T('.-. qy
00000fe0: 2a2d 79eb c71f 06bb 71fd 50a7 a2b1 9e92  *-y.....q.P.....
00000ff0: 77ee 47bc 87ab b7d9 e334 8de5 3a9e d773  w.G......4..:..s
00001000: 2608 4ee3 f55e 00ee 1d7b 84e6 7ad2 f138  &.N..^...{..z..8
00001010: 40ff dc28 347c e965 2b21 9542 ef81 007c  @..(4|.e+!.B...|
00001020: 31d0 3d0c 807a 5eef d88f 12ea d76c 7403  1.=..z^......lt.
00001030: 00fb 54a4 0cd6 3200 4f25 6e89 e7ca 7424  ..T...2.O%n...t$
00001040: ff75 0014 f845 fa24 0da7 81b9 d4f7 5c5f  .u...E.$......\_
00001050: d3a3 69eb 35f0 fd14 fd84 0c82 2201 e28f  ..i.5......."...
00001060: 8f0f 8ddb d700 b9ff a06d e355 4bdf 9773  .........m.UK..s
00001070: 3a58 0384 e145 9e22 2db5 cb59 64f5 9bb4  :X...E."-..Yd...
00001080: d419 c716 703d 4ab5 0f3c 5a65 7ca3 dfd1  ....p=J..<Ze|...
00001090: 76d5 8994 e1d3 78bd 1580 53bc bfa1 7a13  v.....x...S...z.
000010a0: 6403 823d ac27 120a 0032 088f 01b0 000d  d..=.'...2......
000010b0: 615f 0560 979f 87fd deb1 bf2e 03d3 ae8d  a_.`............
000010c0: b644 a062 85cd b4ec 968f d423 8f9d 4b1c  .D.b.......#..K.
000010d0: 919d 8b34 5dc8 63c8 ab9f 9fea f573 0128  ...4].c......s.(
000010e0: 7e07 7905 df9b 8147 a6c0 72c3 e3d5 00a8  ~.y....G..r.....
000010f0: 70ba 40ef 7390 81eb 12c7 6f84 b007 87be  p.@.s.....o.....
00001100: 13ed 1817 369f 028b b7a9 f9bf e8b9 3f7f  ....6.........?.
00001110: fe34 b0fe 3408 2a50 3d2d 2d3f 03e7 bc23  .4..4.*P=--?...#
00001120: 8a23 e77d 2ff8 bad6 bef0 08f1 78c7 eff5  .#.}/.......x...
00001130: b17d 72d9 fe08 af1d 004e 0ec0 04c5 bfa1  .}r......N......
00001140: 4300 642f 109e 871c 2b95 58e0 770c 8047  C.d/....+.X.w..G
00001150: 6f82 5c03 a0c5 9563 0d80 78d4 831a e73b  o.\....c..x....;
00001160: 01a8 756a 7539 ac00 5676 d815 4469 478d  ..uju9..Vv..DiG.
00001170: c3b6 1cc5 e99a b86d bac4 2e31 d07b fdd8  .......m...1.{..
00001180: 93c2 e333 be4e c7f0 d369 f08b 4d5f b146  ...3.N...i..M_.F
00001190: 873b bcea 010a a03e 7ffe fe14 fd14 1904  .;.....>........
000011a0: c523 04fc 9086 7979 ec61 52db aa72 1d50  .#....yy.aR..r.P
000011b0: 6ea4 943c 08ac 5236 4ca9 519f 0578 5d0b  n..<..R6L.Q..x].
000011c0: 94fe a47a 3b3e 400e 318c 6dde e630 a8ef  ...z;>@.1.m..0..
000011d0: 43d3 78bd 0780 4bbc 3f2c ad73 3144 875f  C.x...K.?,.s1D._
000011e0: 4436 03d6 c182 41f4 6c15 8c81 b50e 3049  D6....A.l.....0I
000011f0: 670f 80f6 49ae 2d00 5a27 bf0b 807d b078  g...I.-.Z'...}.x
00001200: fe75 0075 883d 4254 cf56 af49 c56b 0c7b  .u.u.=BT.V.I.k.{
00001210: a2e3 9e1b 88dc 6e74 2c07 8cfd c2ce 16c6  ......nt,.......
00001220: 69ae e973 3b99 cea6 a54e 642b 787d e4dd  i..s;....Nd+x}..
00001230: 017c e58d 13c4 f3b8 651a ace0 3308 fe52  .|......e...3..R
00001240: fdf8 fdcb 8195 374b 0c6a f028 35bf 48df  ......7K.j.(5.H.
00001250: dbd1 a7c1 ef17 21ed 5f9f 9f9a 1ef2 9920  ......!._...... 
00001260: 28cf 1b9e 546e c3b0 e37f 4dd9 ae8f 501f  (...Tn....M...P.
00001270: df5d bd6f 4e1a e115 e3ee 541d 233f 3641  .].oN.....T.#?6A
00001280: 7037 bd3f 20ad 3332 0d23 ec4d 77a7 4a04  p7.? .32.#.Mw.J.
00001290: f0ea 360f 2a49 670b 8038 b64c 81bd 73c3  ..6.*Ig..8.L..s.
000012a0: a8bb f19b f179 9a5b d2f1 fc11 ae9f 8af7  .....y.[........
000012b0: 45fb f9ce e1fd e2fc acf3 0db6 734d d3e6  E...........sM..
000012c0: f29c 5849 fbb4 1cab 1064 996d 3af4 ba8e  ..XI.....d.m:...
000012d0: c02f b401 bf7a c3a1 da21 a6a9 0304 0d56  ./...z...!.....V
000012e0: 09c1 4f11 4d8b cd73 7cfd fd81 bbca 9aef  ..O.M..s|.......
000012f0: 7a87 586f 825c c460 955f 8620 c05a 3d41  z.Xo.\.`._. .Z=A
00001300: 83e0 72b3 e7af 8bda b8ec 3f46 dcdf c6b1  ..r.......?F....
00001310: bea3 1158 3b00 1ce3 ff45 31df f226 4806  ...X;....E1..&H.
00001320: 2cd3 de6b 0274 727a 7607 009b 8174 805d  ,..k.trzv....t.]
00001330: aefa 4701 b8b7 0608 7030 fc78 11bd 2fe2  ..G.....p0.x../.
00001340: 639a d707 f351 c1db e975 da92 02f0 543b  c....Q...u....T;
00001350: 2143 2ea1 6475 c88e 7c0e 005e 85ed 7061  !C..du..|..^..pa
00001360: 427c d825 ea10 f9a5 6033 acf9 e1d1 9365  B|.%....`3.....e
00001370: 7d0d e554 651b 0404 e531 978b b026 5820  }..Te....1...&X 
00001380: f8eb e7ef 7f44 9f32 7db5 292c 6e92 a457  .....D.2}.),n..W
00001390: 6837 56e0 0d62 5a8c 29b8 c483 0728 6962  h7V..bZ.)....(ib
000013a0: 3df0 d315 6b82 97f8 e9ad 669b 3fd6 13cc  =...k.....f.?...
000013b0: f6db 7ef0 f9a8 5688 ddab 237d 724f 23d0  ..~...V...#}rO#.
000013c0: 30ee 368e 8d7d f20f a900 af0b 05e5 5f56  0.6..}........_V
000013d0: 4f6c 5481 0e41 868c 7115 8074 e590 73b5  OlT..A..q..t..s.
000013e0: b3ff b08e 6ae9 493c 2b13 03b0 7f0d 86f3  ....j.I<+.......
000013f0: 60d0 95b2 9147 6861 160e 8f50 bd8c 6550  `....Gha...P..eP
00001400: 1f94 4cc7 7c20 4a1a 01b7 d346 271c 3d33  ..L.| J....F'.=3
00001410: 0eb3 0114 60a1 f0f4 0ca9 dee8 6c9b e921  ....`.......l..!
00001420: 9ea4 9bfb 7b75 0d9b f9c5 0117 277e 5445  ....{u......'~TE
00001430: e36d a415 b685 fc7c f606 ab27 b8c2 90a7  .m.....|...'....
00001440: b1c8 5bee 2e9b 12a8 1227 a1ca 1ea5 00b0  ..[......'......
00001450: 7a96 c51b 7c91 5980 9779 81cf bd22 7b47  z...|.Y..y..."{G
00001460: 1bf5 38b7 a8f7 93db d5c7 f4b5 fd49 5b90  ..8..........I[.
00001470: 8b31 361c 3b04 c023 716e 5067 d928 1474  .16.;..#qnPg.(.t
00001480: aa38 22f5 7028 a046 40c3 0028 8041 bc21  .8".p(.F@..(.A.!
00001490: bea4 df01 080f 4a3a aa7a 529a de01 00aa  ......J:.zR.....
000014a0: 721a de07 5e94 ab4d 89a7 b888 df61 704d  r...^..M.....apM
000014b0: 3a38 3fe4 0ee4 4f83 77af bb0b 1df2 d83e  :8?...O.w......>
000014c0: d2a7 6367 9185 230f 3e7f ca0b c773 ffdc  ..cg..#.>....s..
000014d0: a6d7 b3c2 6e52 3f07 983c e89c eb69 eb39  ....nR?..<...i.9
000014e0: cbb9 0a50 d17a e364 9c12 ff22 1812 046d  ...P.z.d..."...m
000014f0: 4a9c cf0c 7ebc d96f 4c7d ddd3 4ba0 0a5c  J...~..oL}..K..\
00001500: 6d7d 11db 0245 8620 7b83 f87d 9c27 b8b6  m}...E. {..}.'..
00001510: 4785 a0b7 c321 d5b6 fc8a f6c6 f535 3d0a  G....!.......5=.
00001520: 803c fe30 86bf 522e d602 3a11 6ef2 56ad  .<.0..R...:.n.V.
00001530: 275f 4de8 1910 cab7 1f18 8661 0874 fea8  '_M........a.t..
00001540: 68c6 9900 886d 0c0c 7452 4be7 1800 511f  h....m..tRK...Q.
00001550: 1e74 31cd 55d1 4066 287a d891 e92f 9f63  .t1.U.@f(z.../.c
00001560: 6159 a7f0 442e 034e 4028 65ed 9d6f 1d10  aY..D..N@(e..o..
00001570: a9ad e3c8 0be9 f1fe 7891 698a 74a9 acbd  ........x.i.t...
00001580: 5ea1 53fb 759b e5c3 cef6 7bcd 4e5a 3efa  ^.S.u.....{.NZ>.
00001590: cd36 d9f6 0471 8798 3d41 be49 a2d3 6289  .6...q..=A.I..b.
000015a0: 279e dee5 1cfd 2570 8ac7 c8e0 13d8 2d10  '.....%p......-.
000015b0: 6c77 9dd5 5b7f a375 4c86 a068 01d1 2d5a  lw..[..uL..h..-Z
000015c0: db02 edb1 c6bd a6b5 2fdd a5e5 81e7 75dc  ......../.....u.
000015d0: efe9 2e00 eea4 93b2 b17c 8d49 4714 ac5a  .........|.IG..Z
000015e0: 81d7 b59e b824 4289 616d 9007 5e40 c72b  .....$B.am..^@.+
000015f0: a286 e06d 85a1 0f3a 093f 0040 0c08 f9e5  ...m...:.?.@....
00001600: 8761 7bfc 0980 763c 07dc 04c0 188c bedd  .a{...v<........
00001610: 07ee 9ee2 fce1 5c4c dd03 de27 ea64 74a5  ......\L...'.dt.
00001620: 1bc5 36da d88f a974 3f36 0971 aee9 9440  ..6....t?6.q...@
00001630: edeb 7f6c a73a 8dbd 7ea1 e82a 7697 36c1  ...l.:..~..*v.6.
00001640: 72c3 c683 d23c 2d16 b005 dc04 7838 feeb  r....<-.....x8..
00001650: f3f7 bfae 7f54 3f7e ff23 c71c 7231 053e  .....T?~.#..r1.>
00001660: 0841 06fb d7e1 070d 6d83 765c e26e a943  .A......m.v\.n.C
00001670: eb81 c273 7e65 7f65 421f e785 1d77 0090  ...s~e.eB....w..
00001680: 35a6 f905 8157 0744 27b8 f612 2bff 0253  5....W.D'...+..S
00001690: 8c75 36a3 f5c6 6585 61dc 380c c30e b409  .u6...e.a.8.....
000016a0: 80b8 321f 0160 e667 2a40 0c18 aee0 7a84  ..2..`.g*@....z.
000016b0: 24cd 0580 67f7 921d 80b0 5bb7 5188 6c13  $...g.....[.Q.l.
000016c0: fbb4 2d69 65d9 87f3 7b3a bbe2 f2b7 7391  ..-ie...{:....s.
000016d0: 0f79 45ea 09ba 0757 3ce5 d36a 8b49 6893  .yE....W<..j.Ih.
000016e0: 789e d0ef e602 8278 6304 9e20 3f26 0300  x......xc.. ?&..
000016f0: eaba 20a0 f7cf e7ef df2e d996 b0b8 01e2  .. .............
00001700: cb27 e155 5ea6 c5ff e066 c88f 8b3e 7163  .'.U^....f...>qc
00001710: a442 b0ac 0bba eef7 0465 6c54 7875 1b1f  .B.......elTxu..
00001720: 5f13 1cc0 f54d 6206 4cdb 23ac 7600 38c6  _....Mb.L.#.v.8.
00001730: ff66 31b3 ae68 3d79 4988 2461 f06a e2dc  .f1..h=yI.$a.j..
00001740: 46f8 f4c0 cc18 9b83 d3d3 e07f 820c 00ca  F...............
00001750: f451 3aaf fc7e 0580 c85f b7bf 1980 b801  .Q:..~..._......
00001760: d201 087b c545 a3db a38b ecd3 a5e7 ef1c  ...{.E..........
00001770: dfd4 143f 2038 c783 cd12 7a09 307b 7c24  ...? 8....z.0{|$
00001780: e315 3b9c 06db 485a 253d 6a8f d77a 1757  ..;...HZ%=j..z.W
00001790: 6cf7 2972 2fef 5f91 03ef df7f 7e5d 8077  l.)r/._.....~].w
000017a0: d1bf fe7b 9184 fdfb cfcf 4bd0 450e 4c49  ...{......K.E.LI
000017b0: 43db c2d7 07f9 4eb0 0250 e4fb 7ca7 79d3  C.....N..P..|.y.
000017c0: 1314 2d50 3aaa 0a98 6e6b 0b47 bc7e ee9c  ..-P:...nk.G.~..
000017d0: c677 6a8b 097b 00c4 9884 fab1 1eff 8f68  .wj..{.........h
000017e0: 855d d3d3 3600 3bf4 54ec bd34 88f5 f319  .]..6.;.T..4....
000017f0: 7c80 561d 78eb 31dd 3e1b 448e 0230 cab5  |.V.x.1.>.D..0..
00001800: 3c06 d340 08f9 b91c 8647 34be f62c e049  <..@.....G4..,.I
00001810: cfd7 4134 0030 eabe 25b2 c96e 18c2 7b58  ..A4.0..%..n..{X
00001820: 5376 686b 3388 e370 5de1 5972 5961 1b5d  Svhk3..p].YrYa.]
00001830: 2ba5 5fc4 e3f4 38fd c986 6cef 17d1 4b7d  +._...8...l...K}
00001840: 34a6 af03 96e9 ad80 efdf 8ba7 a772 f805  4............r..
00001850: 00d3 fb13 0062 cd50 d201 c864 1bef 07ab  .....b.P...d....
00001860: fc71 18f6 0e71 0c5e 60b9 3172 d1b7 00d0  .q...q.^`.1r....
00001870: 6d55 9f10 e8e7 6ea7 f3ad 1ade 01ee 63bb  mU....n.......c.
00001880: 43ae cfec f6e2 7fb7 945d 0bf0 ba04 805e  C........].....^
00001890: e123 8543 45b8 33d7 41b3 0253 c296 69df  .#.CE.3.A..S..i.
000018a0: 00c0 9c1e 5700 5e9b 0223 9f15 80a2 3ea8  ....W.^..#....>.
000018b0: 2d6e 4230 0779 4cc5 30d0 bde3 df24 07a0  -nB0.yL.0....$..
000018c0: 0eb8 9f76 a751 0751 af77 9c93 7698 6c33  ...v.Q.Q.w..v.l3
000018d0: edc3 8efb e5ab f159 e3b9 a7ba 8f3e 516e  .......Y.....>Qn
000018e0: 7ab8 4dd0 1612 a7a7 3fa6 2d72 cf31 6e80  z.M.....?.-r.1n.
000018f0: f85d fe0e bc4d 4f6f 4b0b 00eb 3aa0 a42f  .]...MOoK...:../
00001900: 7921 1fbe 3809 10e3 8615 c111 e17a 53e4  y!..8........zS.
00001910: 2ddf 6cf9 9a17 586d 54db 366d feb4 9cb7  -.l...XmT.6m....
00001920: a5b5 5dbf 4d03 0427 a0ed 0110 1c38 c298  ..].M..'.....8..
00001930: 2f9d d3b5 00af eb02 40be e24b 8577 3324  /.......@..K.w3$
00001940: 9001 327c 83c2 d269 05f7 fdb5 e1d3 50d7  ..2|...i......P.
00001950: 0018 8f5b b4f8 d701 9820 4c28 6479 3028  ...[..... L(dy0(
00001960: 7531 de21 f895 b742 240d 94bb 0070 889b  u1.!...B$....p..
00001970: 309c 4471 d86e 276b 2394 7d4d b3a6 df9f  0.Dq.n'k#.}M....
00001980: 3dc4 797b 8fbe 30d8 d426 6f06 2cd4 2300  =.y{..0..&o.,.#.
00001990: 78b1 3ba7 cf65 2c65 13e0 11f4 ba87 c7eb  x.;..e,e........
000019a0: 7936 95cd a9ed 9700 e88f ba60 3d99 bf38  y6.........`=..8
000019b0: 2d1f 5cc0 3385 3245 3608 6638 a6c1 78f3  -.\.3.2E6.f8..x.
000019c0: 04f5 b91f 80d0 da9e dcae 1cef 3f23 bf39  ............?#.9
000019d0: d261 2765 ee61 5b53 e09b 6016 e3f3 5997  .a'e.a[S..`...Y.
000019e0: b796 e307 a5fd 53b4 40cf c107 3100 b931  ......S.@...1..1
000019f0: b60a 0b48 75c0 b051 b0a6 b7ca f320 20dd  ...Hu..Q.....  .
00001a00: 0f40 1b84 5aae 3b00 88c1 1c9e 9f2f c86f  .@..Z.;....../.o
00001a10: 03eb ba6e 03a0 886c b1c0 8fe2 b4f6 2936  ...n...l......)6
00001a20: 5ce2 9bc2 8bf3 dfd0 59b4 c647 3e1c 1700  \.......Y..G>...
00001a30: 644f 88db 9be3 6699 3c3d bfb0 c0d3 53e8  dO....f.<=....S.
00001a40: 29f8 2afc 0280 bfb0 9697 2a20 dc91 c547  ).*.......* ...G
00001a50: 3ab6 0e88 07a8 753d 1910 fc30 e861 1bfb  :.....u=...0.a..
00001a60: 8060 0fc7 14fa 9153 e1a5 1d49 a59d fe63  .`.....S...I...c
00001a70: eab0 93f2 f6b0 8778 80b7 c4dd 5100 5074  .......x....Q.Pt
00001a80: 2b00 d118 2804 1292 6dc0 473b 0506 459c  +...(...m.G;..E.
00001a90: d781 e77a de80 a0e7 5100 f862 cfd2 3d0c  ...z....Q..b..=.
00001aa0: 8098 7e21 7df9 a5cf 6ce9 9497 a679 fca8  ..~!}...l....y..
00001ab0: cc0a 897d 493a 1d80 f098 7a5c 93db a1cb  ...}I:....z\....
00001ac0: 6d94 e7ad ed53 cfc9 38e8 b04b 7c4a 7305  m....S..8..K|Js.
00001ad0: 603d 17e7 8707 2872 bb60 2aac 7d82 e246  `=....(r.`*.}..F
00001ae0: 59e1 51d3 9d7c b145 bfab 2b10 fc47 4420  Y.Q..|.E..+..GD 
00001af0: 4c18 568f 704b 057e 0440 7e83 4441 f662  L.V.pK.~.@~.DA.b
00001b00: 4b13 801d be1a 53c2 e4a1 ea12 9600 ec8f  K.....S.........
00001b10: fcdc 0fc1 b53d 581d 3aff 2575 d849 797b  .....=X.:.%u.Iy{
00001b20: 5878 80ed d8a3 a076 8b0a 00a1 0580 cf13  Xx.....v........
00001b30: 0019 5459 e80e c050 396f 4e8b 4115 f17c  ..TY...P9oN.A..|
00001b40: d075 004a 67bd 0580 d3ab 70a5 7c2a 069f  .u.Jg.....p.|*..
00001b50: 4191 1f88 e697 eb19 ec2b b0f6 c5eb 4dc7  A........+....M.
00001b60: 0028 f272 43dd 867b e1f4 cb9d 7589 4b9a  .(.rC..{....u.K.
00001b70: cb92 c735 0d7c fd47 0198 afbc b16d b83f  ...5.|.G.....m.?
00001b80: 44ba 7e31 c11d ddb8 1810 04f1 a0b3 7eac  D.~1..........~.
00001b90: e00a 0c0b 100b 1837 e471 f4dc 4b7a 7b00  .......7.q..Kz{.
00001ba0: ecc0 03b0 1107 f5de fbcc fe7d 205c dba8  ...........} \..
00001bb0: c3e6 4faa f78f cd32 5df9 1ee0 5701 f895  ..O....2]...W...
00001bc0: e96e d736 f818 80be 3d55 2612 1ac2 3b30  .n.6....=U&...;0
00001bd0: 3583 02cd 2e2b c4f2 b8ca 1500 be3b 48be  5....+.......;H.
00001be0: 06c0 0c53 4f2f bc98 0460 36dc 7d5e 1feb  ...SO/...`6.}^..
00001bf0: 7600 4af9 da7e b39f 76be 0982 7d9f c3a7  v.J..~..v...}...
00001c00: f8ae 5a96 35ad 3230 0868 ba1e e617 8b0e  ..Z.5.20.h......
00001c10: 40d9 8727 6d71 1d80 7c21 7310 0604 e111  @..'mq..|!s.....
00001c20: ba57 7804 8623 1019 8c0d 80e2 054e 0004  .Wx..#.......N..
00001c30: dcb0 8f4f f0f7 7dc0 6feb ddf0 e337 4606  ...O..}.o....7F.
00001c40: a0ec ea9e 7352 d696 594e eedb 18bf c807  ....sR..YN......
00001c50: e3a4 8feb de1f 3aec e458 0ffb cf02 50b4  ......:..X....P.
00001c60: 40d0 c3b3 e26b 0101 885e d950 806f 821f  @....k...^.P.o..
00001c70: 1d7b e638 f6cb e932 00a5 c37d d503 e401  .{.8...2...}....
00001c80: 8dc1 c99f 4fca b741 a8e1 031c 1d52 c735  ....O..A.....R.5
00001c90: 0110 65ef 718f 8b6c ba40 add5 7d52 89df  ..e.q..l.@..}R..
00001ca0: c206 7ba1 c3ab 7d7c 3a6b ffe0 08d3 41ab  ..{...}|:k....A.
00001cb0: 0f03 10a0 6400 be10 00df 1b04 d323 842a  ....d........#.*
00001cc0: 088f c070 0120 c3cf a7c0 9286 b447 5c54  ...p. .......G\T
00001cd0: df5f 2f65 b207 aecb 7fa8 738f 10bf 0240  ._/e......s....@
00001ce0: 40df ea65 fda6 b7e3 0ac0 b463 c61d daa0  @..e.......c....
00001cf0: a903 ec38 002f e90f a03b a6bc e8ef 0110  ...8./...;......
00001d00: eab0 9bc2 0280 e7f5 588f bfe8 3484 7d51  ........X...4.}Q
00001d10: 5701 c81e e054 4034 628f b302 ed76 0072  W....T@4b....v.r
00001d20: 7adf 0240 dfd6 f3d8 e343 2351 9ee5 1caf  z..@.....C#Q....
00001d30: f33d da03 20d4 cfb9 45ea 914b e722 fbd5  .=.. ...E..K."..
00001d40: b21f 109f 336c 6310 87dd 086c fcf5 17ed  ....3lc....l....
00001d50: 541e 2f3c 4502 607a 80d6 961f 2279 ce6e  T./<E.`z...."y.n
00001d60: 0061 991e 1ff4 0a3b f83a 00f1 4648 0720  .a.....;.:..FH. 
00001d70: fe47 09de 3a81 47f8 da7f fd0e f026 0001  .G..:.G......&..
00001d80: 9f10 d973 ab6d 067b b3dd 61fb 1574 5568  ...s.m.{..a..tUh
00001d90: 1f29 07f7 addb 95c0 9aca d455 2e7a b48f  .).........U.z..
00001da0: b09e d65e 7c56 8ce1 18cb b9df e3de a3bb  ...^|V..........
00001db0: 0128 540e 4351 9c65 3a3b 2a2b 0268 219c  .(T.CQ.e:;*+.h!.
00001dc0: d3bc 0980 e763 00dc 6ae4 de38 5cf7 7e5e  .....c..j..8\.~^
00001dd0: 87cf 1161 1d69 0260 8f7b 9762 faee 9e2c  ...a.i.`.{.b...,
00001de0: bc5a 0c50 154d f1a1 4823 ebcf b6d2 63f0  .Z.P.M..H#....c.
00001df0: 24c8 a328 9e9d e8dd 7e61 7b00 30d7 5113  $..(....~a{.0.Q.
00001e00: 94e2 4561 2943 3c40 96c0 101e 61c0 3040  ..Ea)C<@....a.0@
00001e10: d8d5 6f9e b0e4 4d11 7a4d 8e84 e3e8 3f52  ..o...M.zM....?R
00001e20: 1685 21ca 4700 c4f1 001f 4400 5cd6 00c3  ..!.G.....D.\...
00001e30: eb73 9b71 5f82 9dbb bdb1 3de8 2800 6bdf  .s.q_.....=.(.k.
00001e40: be47 3c1e 6cff 5ad9 a03d a07d 0580 604d  .G<.l.Z..=.}..`M
00001e50: 819f 7363 8977 a736 2158 2160 2011 43f7  ..sc.w.6!X!` .C.
00001e60: cc0b 9d63 1be7 74d5 f00e 40fd 2523 7d1f  ...c..t...@.%#}.
00001e70: 004f 79e3 83c3 a87e 2897 1c8b 752c d5cb  .Oy....~(...u,..
00001e80: b8ee b3a7 6f01 e004 bb3d 213e 81b0 0031  ....o....=!>...1
00001e90: d2f6 f6a0 8e5f ca09 a02a d81c 6e04 40b1  ....._...*..n.@.
00001ea0: 1b06 64ac afc2 763e 6586 0044 f508 dbd4  ..d...v>e..D....
00001eb0: 789c 1e87 e4d8 87fe a738 b12b cb9e d983  x........8.+....
00001ec0: e748 1f39 7028 e283 070c c0be bec7 0064  .H.9p(.........d
00001ed0: afaf 7e79 fad5 fa01 f785 c5fb 13d1 3862  ..~y..........8b
00001ee0: a81c 848b 0800 c4f6 a4da 97d7 7ecd e9ed  ............~...
00001ef0: c691 6dd2 9132 f631 f3bf 0440 5587 9fa9  ..m..2.1...@U...
00001f00: c2a9 ccc5 370a d201 a8e7 b832 3cd3 ec79  ....7......2<..y
00001f10: e82f 19e9 3000 4bfc 5b01 b8dd 3876 ccce  ./..0.K.[...8v..
00001f20: 29de 0c77 fe02 8f59 1300 25ec da79 9350  )..w...Y..%..y.P
00001f30: 9604 1a20 b3a3 0df0 0500 3d5d cb43 6c41  ... ......=].ClA
00001f40: 79b6 b524 0030 c0e6 202b 1723 d85a d27f  y..$.0.. +.#.Z..
00001f50: 756f a9c1 af02 9095 20e4 e931 c30f b033  uo...... ..1...3
00001f60: 50f9 7a5d e872 4ce5 3657 bbfb e7b1 148c  P.z].rL.6W......
00001f70: a2fc d798 9c56 2fd3 0440 787e dd03 9c6f  .....V/..@x~...o
00001f80: 7a54 78ed c2af effb b945 67de afe9 67df  zTx......Eg...g.
00001f90: ae50 e33e 5c8e b124 9e4b d38a f352 b57c  .P.>\..$.K...R.|
00001fa0: 0ca4 7da0 655a 97b8 a276 acc7 5f54 f232  ..}.eZ...v.._T.2
00001fb0: edc6 bf51 9296 4aa1 478f c1e0 1f12 017c  ...Q..J.G......|
00001fc0: 09aa 34c2 5490 0ab4 e756 81f5 fc3d 00f2  ..4.T....V...=..
00001fd0: 83d3 1300 0111 1d74 9e96 ec5f 07a0 0d4e  .......t..._...N
00001fe0: ee0c 6b03 7b7c 8684 0f68 7880 dcb9 3aa8  ..k.{|...hx...:.
00001ff0: 588f 02a0 c44f f801 6003 0097 38d7 c5f6  X....O..`...8...
00002000: 5820 e879 c7d4 1910 2440 0004 2ab5 9dd9  X .y....$@..*...
00002010: 86bd 24b6 55d4 ddd3 2980 7c17 655b b3dd  ..$.U...).|.e[..
00002020: 0040 9d42 3bb4 d026 0ce5 00a3 6cfb be9c  .@.B;..&....l...
00002030: 07cf 10d0 db06 e0eb efb7 d7bc 31d2 d7fd  ............1...
00002040: f08b ba05 00f1 bb4c 8379 7b5b 0bf4 48dc  .......L.y{[..H.
00002050: 977b 38db 37c1 c561 1b92 7321 9c37 6caf  .{8.7..a..s!.7l.
00002060: e3c3 c6b6 e4ff 3f0f c0e2 f911 00ef c9a8  ......?.........
00002070: 82b2 17be 1d7b e670 870e 1945 8ffb 43cc  .....{.p...E..C.
00002080: da39 796a b409 403a b7e4 f91c 717b 47e9  .9yj..@:....q{G.
00002090: 57df 0ae6 7a9c cf9d 4031 0903 ed2b 0094  W...z...@1...+..
000020a0: b82b fc1a 00e3 b8c5 e175 bf6b da03 60d4  .+.......u.k..`.
000020b0: 19f1 3c0f c04f c010 0094 e3c5 4e29 3c3f  ..<..O......N)<?
000020c0: 18eb 6604 2c5e 5754 0980 3eec 0bda f621  ..f.,^WT..>....!
000020d0: d4cf df9f 17a1 edc5 a67a ae5f 1865 1bf6  .........z._.e..
000020e0: 8c0b 8ee8 9d3c c09f f526 4807 6099 0a0b  .....<...&H.`...
000020f0: 84bd 7e98 f696 0b0c 03d0 eb53 dfdb ed00  ..~........S....
00002100: ab9e 611d 0b3d eeac e88b de1f e358 e9d3  ..a..=.......X..
00002110: acad be9b c7eb 7825 f8f5 df25 5f07 c8e9  ......x%...%_...
00002120: 7e00 6ecd 248b 1686 5c89 7fa3 1480 a2af  ~.n.$...\.......
00002130: 0270 02ce 2a36 b665 9c0d 60c7 f700 689d  .p..*6.e..`...h.
00002140: f511 00ac 0daa f2ed b1f1 4ab9 3d6e 6885  ..........J.=nh.
00002150: 55d7 2300 186b 7e0e b77d f871 9ceb 0af8  U.#..k~..}.q....
00002160: e157 ebdd 078b 9521 06fc abc1 2ce0 e710  .W.....!....,...
00002170: 401a f8b2 4b96 0565 754f efd5 0053 bc38  @...K..euO...S.8
00002180: 17e2 889d f07a dcaf 7ffc d71f 645e bd38  .....z......d^.8
00002190: 9f32 039a fe25 17f9 bc55 7dc5 cede 07ae  .2...%...U}.....
000021a0: e7be e994 19d3 6803 5fc2 2f3c bf2d 009e  ......h._./<.-..
000021b0: 57cf 6fd6 0ab5 7dd5 73d6 be97 61bd ad6a  W.o...}.s...a..j
000021c0: 9fad 63a1 b66f 8e07 0dd7 63ad cffb 711e  ..c..o....c...q.
000021d0: 2f31 4e4e 75bc 6c8e a11b 0038 c509 b5b8  /1NNu.l....8....
000021e0: 8f50 4090 d50b 7555 6464 36ce 1e00 6ff5  .P@...uUdd6...o.
000021f0: 0019 8032 150a 007a fc63 0044 a367 47e9  ...2...z.c.D.gG.
00002200: 8dab e528 9de8 39bd 1511 8146 c170 455f  ...(..9....F.pE_
00002210: 02a0 c023 06e1 3018 0bfc 1238 0cb5 0ebc  ...#..0....8....
00002220: 023f 8983 01e0 eba2 b186 e7e7 c7af 6ab5  .?............j.
00002230: 83da 50ce 259b 88b0 6e8a 322e eba8 6f78  ..P.%...n.2...ox
00002240: f4a4 41c7 6f44 84c7 d6de ea10 9049 b8d8  ..A.oD.......I..
00002250: 31a6 ba58 ff43 1fd1 7e92 f0cb 4761 2600  1..X.C..~...Ga&.
00002260: 2604 97b5 bf58 f7a3 e9af dac0 d6ff f00f  &....X..........
00002270: 93ae 03b0 826c 85dd a415 9a75 0c51 5f65  .....l.....u.Q_e
00002280: 0d71 a21f b7b1 d181 b735 1efa feed 0034  .q.......5.....4
00002290: 15ae 3817 3a6b 3601 d8e2 b178 acf6 3c7a  ..8.:k6....x..<z
000022a0: dc49 3701 7085 4b56 3c8f 4de2 f853 dc21  .I7.p.KV<.M..S.!
000022b0: ad87 0310 8dd1 06bf 0f58 f69e b833 c5f1  .........X...3..
000022c0: 3638 b01e b880 8b34 0150 c2ae 9d97 f073  68.....4.P.....s
000022d0: 8884 28ac 9599 f76f 821f d984 6f62 849d  ..(....o....ob..
000022e0: 343d 0c7e 0318 6cc2 8fbd 4c00 04ec 4c3e  4=.~..l...L...L>
000022f0: c574 19c0 e82e b043 48ec 0578 fd16 0504  .t.....CH..x....
00002300: f303 07f0 06d5 ae1f 22eb 1b76 b3e3 e7ef  ........"..v....
00002310: 7f45 f211 047a 1e10 e700 9c80 dfbb c841  .E...z.........A
00002320: aaf6 8df2 b68b 8ec3 0f00 947a 5e87 df0a  ...........z^...
00002330: c147 097d b3c8 c3cb d85a c65a 1f1f a40e  .G.}.....Z.Z....
00002340: bf21 7ce2 c304 4001 10f7 b37e 4cca d0d3  .!|...@....~L...
00002350: ba06 c009 8415 fa79 4e4f 7b4b bb00 c436  .......yNO{K...6
00002360: 8c0b 43db 40ad 4659 5f7f ebfb 14fe cc0d  ..C.@.FY_.......
00002370: 51e3 f43c 1f0f 4013 ca8f 01bb dd91 1a04  Q..<..@.........
00002380: c90b 4a5b ccba 1780 e941 4d10 4cd0 556d  ..J[.....AM.L.Um
00002390: 85bb cea8 5fb5 4300 5040 e775 e5a9 6dde  ...._.C.P@.u..m.
000023a0: 64f0 f2bc f89a db4b 0560 990a c356 72c1  d......K.`...Vr.
000023b0: 700f 2d14 9e57 4e5d 1384 7b00 4c4f 30bd  p.-..WN]..{.LO0.
000023c0: 3a03 1b9e 035c 3e91 af9a bf06 a379 d1f4  :....\>......y..
000023d0: 171e 6002 90bc d866 fbdb a6bf 1308 a7b0  ..`....f........
000023e0: e342 df2e 7d56 14c7 fa38 3c36 f66a 1ab3  .B..}V...8<6.j..
000023f0: 26b0 ec03 f092 c757 a7c0 7e8c cf99 c639  &......W..~....9
00002400: eff7 b48f a800 3088 d80d 8301 d38c 9e61  ......0........a
00002410: a71a 066f 820b facc 85ad 95b8 0640 d97e  ...o.........@.~
00002420: 0400 514e f98d 01ec b0e8 e595 fd02 02df  ..QN............
00002430: 96f0 0eaf 2d00 c263 f93e 006e 2b3d bac1  ....-..c.>.n+=..
00002440: 06d1 9ef6 ab65 a073 b2de 15fc 7c01 e800  .....e.s....|...
00002450: d47c e9b3 f665 8aea 1731 bdab ab77 76f3  .|...e...1...wv.
00002460: 83a3 0226 00f0 b7e8 1fd1 fa8d bf23 e257  ...&.........#.W
00002470: e064 ea8b 0fa2 c28b e7e7 fe70 0304 00cc  .d.........p....
00002480: 0b9d d91b de2c 4f7d f9c1 e7c7 6b85 1ec3  .....,O}....k...
00002490: cfda 6b50 f4d9 55da d787 f0a2 f310 e6b2  ..kP..U.........
000024a0: fc57 68e8 58f5 38df 0240 090f b8ed 0190  .Wh.X.8..@......
000024b0: b5a6 7d44 c63c dc15 919d 2561 32fe 32b0  ..}D.<....%a2.2.
000024c0: 7a83 b430 2a5c afd4 5470 9cd3 0188 2ff4  z..0*\..Tp..../.
000024d0: e2f8 3d00 2c0b c992 0706 b983 05f1 394e  ..=.,.........9N
000024e0: a993 d6fd 3600 1ef7 002f f9bd d8f3 8f0b  ....6..../......
000024f0: f8ee 80e0 083f b7d7 04c0 a89f 6f2f d359  .....?......o/.Y
00002500: 0781 942f ea41 f1c5 d3ac e7e4 1a1d da0f  .../.A..........
00002510: 5f5a 6600 c263 9438 58ff 4b00 fefa fd8f  _Zf..c.8X.K.....
00002520: e8d7 2f3d 86d7 e03a f456 f0d1 1b22 3fcd  ../=...:.V..."?.
00002530: f60c 4016 eac6 eb94 0c41 f6fc ce0b b01e  ..@......A......
00002540: ad15 7c50 b4d1 a4e8 f377 8afa 3b6b 0b7e  ..|P.....w..;k.~
00002550: 3156 3d1e 4327 fa98 ff76 385e 8514 d8f0  1V=.C'...v8^....
00002560: 4c6a e7ac 633d b59b f686 9479 793b 382b  Lj..c=.....yy;8+
00002570: 66ca cc78 a004 3038 5c65 95ef e7de 03c0  f..x..08\e......
00002580: 3e80 6e03 e049 1b76 0200 1abc 4ef3 0017  >.n..I.v....N...
00002590: 030c ea80 3ac1 03fe be29 b097 6b82 2097  ....:....)..k. .
000025a0: f30a 000b f8d8 161b 8ab8 f2eb e74a 79d4  .............Jy.
000025b0: 360c 0511 01b0 b4b7 ab43 f39a 0728 6d2c  6........C...(m,
000025c0: e97d 88dc 03d4 cfe1 b7b5 3fd1 d694 57a5  .}........?...W.
000025d0: 706c f093 1b2a 64fb b28c c1f0 f329 6faa  pl...*d......)o.
000025e0: c14f ea78 81d3 f77a 7ea2 157a 87bc bf1b  .O.x...z~..z....
000025f0: da7a 191f 57b4 0540 6802 6078 8027 2b53  .z..W..@h.`x.'+S
00002600: 3fb6 971e e274 e075 8d63 fdca 397b 3200  ?....t.u.c..9{2.
00002610: b6c0 d5a0 9ee9 392b 9810 da6b 8404 a066  ......9+...k...f
00002620: 8474 42b5 f048 ebeb 00b4 6da4 9757 b9cc  .tB..H....m..W..
00002630: 1303 5ad6 b712 22d4 f1cf 3915 c4fe 0aae  ..Z..."...9.....
00002640: 2a89 7337 00a5 5c0a 4102 5e01 f301 006a  *.s7..\.A.^....j
00002650: 192a e891 ee74 1100 7803 822e 8520 7b4d  .*...t..x.... {M
00002660: f87a 8a43 2e3a 39a5 d901 c86d c810 6400  .z.C.:9....m..d.
00002670: 0a80 de44 aff6 ab71 f11c df65 fb53 f4d3  ...D...q...e.S..
00002680: d707 c3b3 abef fb4e e093 ff24 27f9 e9f4  .......N...$'...
00002690: b7d9 3341 4737 3cc8 bee9 f1c1 7e5b b0ea  ..3AG7<.....~[..
000026a0: e1f7 6805 1e83 0fe2 b649 a1dd 5a5b 3f58  ..h......I..Z[?X
000026b0: 9d0d 9d11 1d72 d137 fab1 2372 2ef0 7965  .....r.7..#r..ye
000026c0: 8adc e2ee 9d77 5405 809c 002a 583b 43cd  .....wT....*X;C.
000026d0: 28c2 a301 2ad8 7a7c 1585 23de 9f03 60e6  (...*.z|..#...`.
000026e0: 27c7 0ae0 0a4c 5600 010c 01ac 220b 9338  '....LV....."..8
000026f0: b5dc 3910 ebf9 93bc bcbd 1c3b e09b 06c3  ..9........;....
00002700: e6c0 2836 a8f6 c071 4e0f d353 acd1 c9dd  ..(6...qN..S....
00002710: 530d 833d 280d b5a5 48d6 00c9 cb12 7032  S..=(...H.....p2
00002720: 0453 fd79 40f2 1cd5 7bc4 6fde 1ce9 d3dc  .S.y@...{.o.....
00002730: 9cea 1af8 ecbb 8209 3ff4 997a 914b 0896  ........?..z.K..
00002740: 29ee e518 aff3 89f0 a5eb ef51 85df da26  )..........Q...&
00002750: 794c 07e8 6982 a041 666a 6b6e 9bde d6cb  yL..i..Afjkn....
00002760: d8dd d11e 50ae 03f0 b23d 9cb7 2be2 458c  ....P....=..+.E.
00002770: e91e 6743 47e3 416a 5728 2a41 af89 c43f  ..gCG.AjW(*A...?
00002780: 3f17 79c1 8eba b015 7259 a9ef f200 396f  ?.y.....rY....9o
00002790: a4a9 bf1b 30e0 fc72 2d90 3a57 0321 068c  ....0..r-.:W.!..
000027a0: 1cdb 03a0 4c61 ef07 2020 c8ea 40ac c09b  ....La..  ..@...
000027b0: a106 1b6c 85ad ed52 2e76 5416 0050 6066  ...l...R.vT..P`f
000027c0: 10f3 f534 8043 e2cb 797e 6e78 81f0 ece4  ...4.C..y~nx....
000027d0: 5cdc 11fe 10c9 db3d 7683 041e 664e 4d71  \......=v...fNMq
000027e0: f7d8 808b e702 635a 1c10 ac53 62f6 faf4  ......cZ...Sb...
000027f0: dddf 1fa2 846c 9415 ed5c 3cbe 7382 4ff4  .....l...\<.s.O.
00002800: 47e0 b70a 7d15 6d84 7086 0b6c 9c6a a0db  G...}.m.p..l.j..
00002810: e90f 0bc8 4ea2 1aa7 87f1 396c 8f18 3b43  ....N.....9l..;C
00002820: bcaf 7a80 0cbd 890f 5725 75e8 614d 013d  ..z.....W%u.aM.=
00002830: 56db 89f5 c07e 3204 f884 d740 868c f368  V....~2....@...h
00002840: 9045 c128 ac0f 424d d71b f7d1 005c 3b46  .E.(..BM.....\;F
00002850: e615 eb66 741c 6987 fca1 e100 9da7 5d3a  ...ft.i.......]:
00002860: 9dfc 6e00 505e f3ca f3b7 d4ca 49db d1e1  ..n.P^......I...
00002870: 5166 2e1b 69ad 27b4 dadc 3a7c 6ec3 6661  Qf..i.'...:|n.fa
00002880: 13d9 f6fa c01b 5408 fa7f 52cb f540 b397  ......T...R..@..
00002890: 9c3b 4d83 f37d db7c 2c86 9f03 3410 d6e9  .;M..}.|,...4...
000028a0: 723c 14bd dce8 60f8 d94d 0e78 7de9 f9bd  r<....`..M.x}...
000028b0: eb6b 7192 5ebc b287 3a39 f816 afef 9caf  .kq.^...:9......
000028c0: b6fd 6df8 4176 bcb6 53c4 9dfa 0b6b 2b3c  ..m.Av..S....k+<
000028d0: d4c6 37a7 1f79 cf8a b1ea 717b 3a18 4bda  ..7..y....q{:.K.
000028e0: 2f9e 6f83 e00a 40d3 d134 ae79 8185 73ac  /.o...@..4.y..s.
000028f0: 25c0 f5cc ff39 89a0 9803 b102 840d b40b  %....9..........
00002900: c0e7 b982 4813 03e5 1600 f6ab 063a 4207  ....H........:B.
00002910: 0306 2d7b 7ec5 b3f2 781c 37cf 170f a177  ..-{~...x.7....w
00002920: 26d2 4bfe 73ef fcdf b347 0148 20ec e9aa  &.K.s....G.H ...
00002930: 50b7 53d4 6b05 1fc5 d954 6b13 6a2f 0c48  P.S.k....Tk.j/.H
00002940: 9455 60a0 50e3 e9aa 4f4d f110 b17a 58de  .U`.P...OM...zX.
00002950: 2e61 5799 760e 009c e58f a7b8 9729 6b7f  .aW.v........)k.
00002960: aaf2 3e6f fd52 344f 77c5 eb43 1fd1 3546  ..>o.R4Ow..C..5F
00002970: 7898 0c3f a94f 80cf e057 dae3 2f80 4fb4  x..?.O...W../.O.
00002980: b64d aac7 4d18 7a1c b4fb d25f 6a3f e138  .M..M.z...._j?.8
00002990: 914e b437 8fc3 ad7c ab62 ac7a fc18 ef9e  .N.7...|.b.z....
000029a0: 661f 33e5 f82d a2b2 dd9d c6a0 ce38 1567  f.3..-.......8.g
000029b0: e001 4df6 ae30 4322 b6d1 c9dc 20d9 0855  ..M..0C".... ..U
000029c0: 9a2e f69f d763 9237 d29a 0088 69e4 1600  .....c.7....i...
000029d0: 5525 4f6b 046e 0c9c f3c2 923b af02 c118  U%Ok.n.....;....
000029e0: 2c5e 27f7 18d6 ba65 e745 a788 631b 003c  ,^'....e.E..c..<
000029f0: 3e05 66d5 3c33 bfb5 5177 25f1 075b b350  >.f.<3..Qw%..[.P
00002a00: bf52 170a 03d4 f04c 5c7a 7ab4 96e6 7652  .R.....L\zz...vR
00002a10: fb3a 00f1 ea1b def8 c097 960b 38bd 3fbd  .:..........8.?.
00002a20: 88b4 4dce bfdf 442f a217 d3ab 28bd 50f6  ..M...D/....(.P.
00002a30: aef9 c60a e007 cf2f 6ca9 6de9 5aec fc67  ......./l.m.Z..g
00002a40: e1a7 76dd 6cdb 8cd3 cf03 fc4a 3a22 eadf  ..v.l......J:"..
00002a50: 5b9a cebf 5731 564f 9676 1f7f 1300 c18b  [...W1VO.v......
00002a60: f0c8 fb79 47b4 d37f 6f55 819f 6809 b0c0  ...yG...oU..h...
00002a70: 321d 4ee8 ad03 14e1 d583 2210 79c1 afb9  2.N.......".y...
00002a80: b800 cfc3 0008 29d4 20cb 23d7 d56c e045  ......). .#..l.E
00002a90: 7d14 88a2 ba5e c430 ec9d 4264 e73e 1e80  }....^.0..Bd.>..
00002aa0: 3d1f ee84 d774 7460 f340 2976 a370 d82d  =....tt`.@)v.p.-
00002ab0: dbda 3579 cf02 32f2 02ab dc93 747b 32ec  ..5y..2.....t{2.
00002ac0: de2f fa21 7a13 bda9 3e44 be2e a880 f3df  ./.!z...>D......
00002ad0: 7e53 45c2 257d 4953 a7b3 d4d6 2bf8 b26e  ~SE.%}IS....+..n
00002ae0: d6a6 7f01 82a4 ade3 3dfc 9aae a5fb 0881  ........=.......
00002af0: 0f13 0035 ccc7 8bdd 61bf 5cec bcdd e3ff  ...5....a.\.....
00002b00: c3a8 726d 1917 561e dbbd 1f3f 520b e744  ..rm..V....?R..D
00002b10: 4b80 0596 1b21 e39d 2837 4274 2406 0909  K....!..(7Bt$...
00002b20: 957a 1400 656a 2e5f b0d1 cede d3f6 fcb8  .z..ej._........
00002b30: 6c02 b578 7057 0704 81cd cb5d 00e9 f114  l..xpW.....]....
00002b40: 903e f58b 8692 fc07 493e 32a8 6f03 a0d8  .>......I>2.o...
00002b50: 0bbf 8386 7cae 893b d0d1 41dd 07cd d676  ....|..;..A....v
00002b60: ecb3 9d48 1ddc 7878 7a85 604a 8eeb b7f8  ...H..xxz.`J....
00002b70: c4cb 7b11 d9fe bbc8 a7db 0cbc b891 c2f2  ..{.............
00002b80: 29af f65b 2f63 2dd3 2a8e 77d4 4e8f 52b7  )..[/c-.*.w.N.R.
00002b90: 77d7 deb1 bfad 18ab a72c a72d 93f8 bfb2  w........,.-....
00002ba0: 155d da88 8536 d376 8cf6 f40b 9a8e 75f4  .]...6.v......u.
00002bb0: 079f 59fc 0120 ee03 b079 7f38 2960 4195  ..Y.. ...y.8)`A.
00002bc0: 0fef ea94 bf08 4f18 36e8 f1f6 4100 cacb  ......O.6...A...
00002bd0: ef6c 94ee 016e 0130 ee02 72b9 0880 b1fe  .l...n.0..r.....
00002be0: 1775 b234 d48b 11f1 c3c9 de30 d380 415e  .u.4.......0..A^
00002bf0: 2b00 6bd9 c36e 5c9e 2d79 9c9e d7df 562d  +.k..n\.-y....V-
00002c00: 7b03 f8c9 bd04 f49f 53ae 236e cb6f 9a28  {.......S.#n.o.(
00002c10: 2ceb daa1 f605 051d 0652 de49 96c1 869b  ,........R.I....
00002c20: 31dc 2652 860a bf1e e6e5 9635 dd8d f6fc  1.&R.......5....
00002c30: 4e5d 6bd7 bd63 7f5b 3c56 7171 2be0 fbc1  N]k..c.[<Vqq+...
00002c40: d033 c765 9678 f524 7f02 a07b 8778 0f7d  .3.e.x.$...{.x.}
00002c50: 1a3b f7c2 71e0 dd04 3fba f9d1 6018 20d4  .;..q...?...`. .
00002c60: 5f88 bda8 5419 1407 0008 88dc 0a40 554b  _...T........@UK
00002c70: 2fd6 24d4 ebab e561 c1b8 1d82 a57e ee39  /.$....a.....~.9
00002c80: f6c1 c69a 0198 1ee0 d488 8b5a 197b 1eff  ...........Z.{..
00002c90: 052d 6576 c9b1 b0fd b084 12de a0af 0762  .-ev...........b
00002ca0: 6d10 53a3 c976 6143 957b 810e be6c 87f9  m.S..vaC.{...l..
00002cb0: c1e2 0241 87dd b4bf d59e dbb2 beb5 86ff  ...A............
00002cc0: ff97 b433 b763 b940 613d d685 1b53 f848  ...3.c.@a=...S.H
00002cd0: 2dff ea07 6c5d 0144 59ea 787f fdfd e1eb  -...l].DY.x.....
00002ce0: c7f9 9894 7061 1a3f de0e cc80 a63d 48ee  ....pa.?.....=H.
00002cf0: 0370 3921 3f9a 5ac0 4086 a960 fcfb 0064  .p9!?.Z.@..`...d
00002d00: af90 cbac 6b44 c379 30aa fef2 5ae0 e029  ....kD.y0...Z..)
00002d10: 66a7 90f3 6d5b 3a46 0ce2 0f7a 058c ca8e  f...m[:F...z....
00002d20: 72af 8d59 3b59 cde3 bfa5 5e6e be28 2cfd  r..Y;Y....^n.(,.
00002d30: a85d 44b5 8dc9 6bd0 dfe2 31c0 6ef9 cf8e  .]D...k...1.n...
00002d40: 7819 443d 3ecf c7da 8fcb 9610 d43e e280  x.D=>........>..
00002d50: 3ba2 0ec1 d1fe 9217 f71b 573f f7ff abb8  ;.........W?....
00002d60: ed18 7cb8 40e5 05cb defd 3609 f4fc 5b8d  ..|.@.....6...[.
00002d70: 9f68 533b 56bc 4185 5f05 20de 122a 6bf1  .hS;V.A._. ..*k.
00002d80: 27ee 7b13 a76e 93f7 55df b01d 9367 2215  '.{..n..U....g".
00002d90: bf9e c993 fe86 2725 837d f002 037a cfdf  ......'%.}...z..
00002da0: 0f40 812d e285 c12e f1f3 9fcd 9077 885f  .@.-.........w._
00002db0: a4ed e5c8 c764 d2f3 43da 005f e47f caff  .....d..C.._....
00002dc0: 6572 1580 2406 89a4 370e bc3f a5b0 cdaa  er..$...7..?....
00002dd0: 5ec6 9478 5319 aff6 2386 1f6d bb8d 61af  ^..xS...#..m..a.
00002de0: 581c 0f10 62ca 6bfd 40bd 0dee fcde 9f14  X...b.k.@.......
00002df0: 7097 f0d3 5964 5e5d b691 1db7 e58b f586  p...Yd^]........
00002e00: 0cbe 5128 db0c cae8 0b2c 0fb7 3859 776e  ..Q(.....,..8Ywn
00002e10: fb6e afff 6fc2 0d3e fb07 56d6 bfbb a7a7  .n..o..>..V.....
00002e20: c073 b801 7cb2 8f0f 5dfc 23f2 6739 e3db  .s..|...].#.g9..
00002e30: 8e3f de2e e3e3 2207 a07d aacc d67f 1582  .?...."..}......
00002e40: ea01 da4d 33f5 028b 2798 ecb8 457c 8ef7  ...M3...'...E|..
00002e50: 55df b09d e8a0 da21 8a21 d6c4 ba00 a684  U......!.!......
00002e60: a0fc 4af8 b39e ff15 0062 1068 f93c 9f62  ..J......b.h.<.b
00002e70: 8096 7e7a 7604 3537 263a 353a 393c bc28  ..~zv.57&:5:9<.(
00002e80: 8ba4 ef86 c6b9 3105 1eea 7d14 8068 384d  ......1...}..h8M
00002e90: b7ed 970e d7f6 bf4d 0cbd 0d00 32f8 0204  .......M....2...
00002ea0: fed6 447f 866e e94b 5bf2 38b0 dfe2 45b5  ..D..n.K[.8...E.
00002eb0: 8768 01b4 b3c2 ce3e 50fa 2cba 6c3f 9f44  .h.....>P.,.l?.D
00002ec0: 35be d816 f05b d61c 7dea 8d6d 8983 477c  5....[..}..m..G|
00002ed0: e20d a0b8 f879 df18 80c8 9e7c b7d9 ff27  .....y.....|...'
00002ee0: 05fc 1480 e8df 3e85 c574 d6a7 b780 de67  ......>..t.....g
00002ef0: e8e7 ef4f f927 f5fa 010b fbc5 83ec 363e  ...O.'........6>
00002f00: ec7c 1bf3 0020 de14 cac7 ad62 1adc 2038  .|... .....b.. 8
00002f10: 8e45 ee37 4d1c 16db bdd3 e2ee 6ff7 50ea  .E.7M.......o.P.
00002f20: fa99 c7a7 e3b2 6f60 f2ce 818e e2c7 be3a  ......o`.......:
00002f30: 05be 1580 1582 0932 dc69 aa77 81fb 15de  .......2.i.w....
00002f40: ce81 701e 5e89 83a7 c1d3 ecf0 68ca 546e  ..p.^.......h.Tn
00002f50: 0b80 5456 a4e1 f6d4 4ee7 ea9d f1d1 ca7a  ..TV....N......z
00002f60: 9ff5 639f 0b88 4e56 0e8e c7eb 67f5 03a1  ..c...NV....g...
00002f70: 169f fbd2 281c 774d 9dd6 b64f d90f fde2  ....(.wM...O....
00002f80: 65a0 bae8 6420 54c8 f942 79b1 9db4 5707  e...d T..By...W.
00002f90: df00 4178 9f79 636c 037a 0bfc d06f 4ed1  ..Ax.ycl.z...oN.
00002fa0: 67ba ddfe bf28 3c66 0754 4e5d eb5a de04  g....(<f.TN].Z..
00002fb0: c178 9df1 5fd1 3ff1 860f 3c40 49c3 c6bb  .x.._.?...<@I...
00002fc0: 8c1d 5f1a f9b0 1b29 e9a9 d787 efa3 bd87  .._....)........
00002fd0: beb3 278e 8f6d efa7 d461 e957 232b 44bc  ..'..m...a.W#+D.
00002fe0: 5351 635f 15c5 2d05 95f4 fcf7 ab00 9cd2  SQc_..-.........
00002ff0: ee00 e47a 68a7 7da9 109c 1f76 b6f3 12e6  ...zh.}....v....
00003000: 765e 0c8a 25be 9d73 cd03 4459 1878 5dda  v^..%..s..DY.x].
00003010: 28a7 d609 373c b36f 93e4 e780 5b6e 1eec  (...7<.o....[n..
00003020: 0800 7d72 ef6d 01df 00bf d425 4f3d efd4  ..}r.m.....%O=..
00003030: 2e02 e702 3f06 9d40 17c7 d026 1afe ec17  ....?..@...&....
00003040: 3b87 9d7a 14aa 0a3d f166 785b e313 088f  ;..z...=.fx[....
00003050: c0ef ff3b 04a5 aee1 4517 00fa da9f 6cb7  ...;....E.....l.
00003060: b18a b55b 7953 a74c 7fff b16f 3bea 5aa0  ...[yS.L...o;.Z.
00003070: c8cf 67c0 bebd cb9b 5317 c931 4dcf d244  ..g.....S..1M..D
00003080: 3c9e bdc1 0961 c8ed 89e3 96be b776 d6f5  <....a.......v..
00003090: fb80 3879 1df8 a402 4883 0e06 7a14 e40f  ..8y....H...z...
000030a0: 03d0 54bd 46fb a73e 3660 4a07 8e0e ed1d  ..T.F..>6`J.....
000030b0: 5c8f 6300 4c8b b059 d75b 0028 ead0 2b0d  \.c.L..Y.[.(..+.
000030c0: 756a 1df1 1b01 c8f5 a8fb 2be0 f665 eb70  uj........+..e.p
000030d0: e911 6e40 50c2 0876 e6e5 a5c4 4e92 0e60  ..n@P..v....N..`
000030e0: a6de deab 797b 3cdb 1019 f40c 82dd 663c  ....y{<.......f<
000030f0: 70b5 3fc1 d390 df8f 61ad d1c5 002c 17bc  p.?.....a....,..
00003100: 4515 7c5d ddce ffab d2ba fa97 be01 29f6  E.|]..........).
00003110: 00e1 99c5 3fa7 0704 cb54 d8df d7fe ccd7  ....?....T......
00003120: 17ed 7cbb e161 4b15 e979 ebfe 251c 8005  ..|..aK..y..%...
00003130: f478 dc5b dbef 03b0 1f03 f078 dbfa 281e  .x.[.......x..(.
00003140: 7941 647a 0406 198a 3138 410e 67a8 c9be  yAdz....18A.g...
00003150: 7582 1570 1187 7f43 f660 f397 00d8 d22f  u..p...C.`...../
00003160: 107c 4e18 4627 6663 c2f8 a425 8eef a373  .|N.F'fc...%...s
00003170: f47a 0280 78e8 33ae 90ff 5100 f641 5b06  .z..x.3...Q..A[.
00003180: 735c 143a e80c 38f6 4eed ab2a 6f44 f8cd  s\.:..8.N..*oD..
00003190: 08a9 eb89 2f3a 56f7 e87c 5c8e 0e41 3f4f  ..../:V..|\..A?O
000031a0: 6127 2092 c170 b1e9 cb1b 7dda 0a1e c96b  a' ..p....}....k
000031b0: fedf 61ce 0bed a07d c7d7 9af4 060b bc3d  ..a....}.......=
000031c0: 97fe 4376 17da 6901 20da 5d85 0b64 b395  ..Cv..i. .]..d..
000031d0: 2bda d7c7 c1ff b250 17a9 37da 21bd c004  +......P..7.!...
000031e0: 5f4e 5dab 6758 6e8a c48d 11bb 5902 8f4e  _N].gXn.....Y..N
000031f0: 3d73 b777 e423 edf1 61cf 13c2 e3e3 b6bd  =s.w.#..a.......
00003200: 3afe bd9f 75ed 8633 00b5 e3ca ff09 0e08  :...u..3........
00003210: 7a38 c4d3 e367 2b48 29c4 16f8 e838 c7cb  z8...g+H)....8..
00003220: 384f 9a96 4e4f fdaa ad06 fd21 b235 b5af  8O..NO.....!.5..
00003230: 0070 89e7 6944 e70e f0f9 f487 c218 84dc  .p..iD..........
00003240: 4936 01e8 659f 0038 4d79 bbfe 2a00 31b0  I6..e..8My..*.1.
00003250: 0380 a20a bf93 43af 42f0 a2b3 4820 68fb  ......C.B...H h.
00003260: 120e 9b60 0a9b 7dcc d252 cf42 daf6 f29b  ...`..}..R.B....
00003270: 1e1e 80f3 521e ae7d 7bf7 2f49 fb20 c1b3  ....R..}{./I. ..
00003280: 67f8 cf6f 0232 b539 a64e e269 883c 0cf9  g..o.2.9.N.i.<..
00003290: 208d decf 649f d702 2bfc 1c80 5e46 ec77   ...d...+...^F.w
000032a0: 1046 3ffb 1f87 a0d4 25da 0400 6c53 e1f8  .F?.....%...lS..
000032b0: 6ea3 aed1 e5ec 279c 166f 1bfd 4c19 3dd2  n.....'..o..L.=.
000032c0: 34c1 4fb7 bdfd 7efc b8b4 e70f fb67 5672  4.O...~......gVr
000032d0: 0c79 630c a10d a6f1 5f38 b5c5 3092 9e23  .yc....._8..0..#
000032e0: 11f0 7a59 1ae1 b978 82f9 eba2 4cb3 4035  ..zY...x....L.@5
000032f0: 7cd4 0040 2ecc 1e00 c510 05b8 486b 277d  |..@........Hk'}
00003300: a8c7 451a dcb1 e5b7 7b00 dd1b ec9d 8421  ..E.....{......!
00003310: c800 142f 3001 688b ec92 e716 f44a d95a  .../0.h......J.Z
00003320: 3edf a905 80f8 e581 bd03 c1f0 fc7c 90e8  >............|..
00003330: 0235 241d 5b60 e3f0 0360 7439 c16d 05c0  .5$.[`...`t9.m..
00003340: c900 916d f31c ad3d a42d 74b1 9cf4 21fa  ...m...=.-t...!.
00003350: 6171 45fc 4845 3e46 9360 c4a0 9363 8023  aqE.HE>F.`...c.#
00003360: cec5 336c 3250 5136 fc7b 524c bbd8 eb9b  ..3l2PQ6.{RL....
00003370: 8057 f75b 3fd3 fdd5 e6ff 45f5 718b 7128  .W.[?.....E.q.q(
00003380: ed21 76e8 10b4 7e6e f0e3 8fdf c62b 6f0e  .!v...~n.....+o.
00003390: 3905 9df7 812d 9bca 9214 e067 172b 6b63  9....-.....g.+kc
000033a0: dbbe a4f5 662f 1248 1919 7ea2 5eee f200  ....f/.H..~.^...
000033b0: 3e03 10fc 92f1 4572 c6ad 0044 e271 d206  >.....Er...D.q..
000033c0: fc6e 1243 cf7f 259c 0bd4 01c8 5e54 07e0  .n.C..%.....^T..
000033d0: e27d 0e79 b107 c879 f23f 825a aef4 65fa  .}.y...y.?.Z..e.
000033e0: 8386 4a50 72c7 d902 20ca 6cca 7755 9772  ..JPr... .l.wU.r
000033f0: 0efa 9300 ec1a 01d8 e2f0 8038 4300 22a0  ...........8C.".
00003400: e8c7 013c 0c02 9c2b 0095 b695 3006 18ce  ...<...+....0...
00003410: 5198 beda 3f4c c2bf 1600 0ce1 c961 d014  Q...?L.......a..
00003420: f091 d4f6 3fc9 6b74 e0f2 3386 924f dadb  ....?.kt..3..O..
00003430: 800d 28e2 38b7 3dc3 8edb 9ec3 77db 59a1  ..(.8.=.....w.Y.
00003440: c85a dbe0 4f69 ab9c 524f 808b 0188 cf89  .Z..Oi..RO......
00003450: 69db c4c3 cafe 2eb7 3e67 691e 3fc6 a5fc  i.......>gi.?...
00003460: ca3e 7b85 ea41 4a3a a7b4 a5ec 4b7e 7ac1  .>{..AJ:....K~z.
00003470: fabc e897 e833 fa07 c65c 6f87 5e7e 1de3  .....3...\o.^~..
00003480: 1d7c 258c 5853 2149 914b c33c a717 286f  .|%.XS!I.K.<..(o
00003490: 8278 1c0d 1b0c 7755 d159 6a27 8942 3d57  .x....wU.Yj'.B=W
000034a0: 0056 2f6a 0560 f7ea b6f2 eaf9 21cf ac9b  .V/j.`......!...
000034b0: 85f1 3ae1 0201 dfee 9d08 1d49 ecf6 5500  ..:........I..U.
000034c0: fe4d f041 5bd0 2bd2 1b18 565e 8695 c9b7  .M.A[.+...V^....
000034d0: 5fe0 51e5 9a9d 1ef3 e9b2 0d04 7812 be3e  _.Q.........x..>
000034e0: f761 9e59 ac03 bddb 3ebc 4301 974e 7745  .a.Y....>.C..NwE
000034f0: 3a4d fa71 d9fe a1bf 3857 e305 ec6c 5001  :M.q....8W...lP.
00003500: ac02 6a00 5a9f 1f54 f94d 9bb3 2ff4 7fb8  ..j.Z..T.M../...
00003510: 5728 d0a5 b750 1408 65e0 d6fe 55d4 db56  W(...P..e...U..V
00003520: fa29 f755 ec17 0d76 7e90 aef5 bb2e 8c3f  .).U...v~......?
00003530: b121 cee5 312a fb02 236b 6b69 7f13 bc34  .!..1*..#kki...4
00003540: 1c97 3460 3fa8 db11 e31d edac 0094 f67d  ..4`?..........}
00003550: 4faf 4f66 04da cffc 3c09 db74 7eae 3869  O.Of....<..t~.8i
00003560: 969e f30c db1a b943 cd1b 06c7 ec55 b83b  .......C.....U.;
00003570: 01d8 3a08 7706 36ac a87b 80bb 53e0 3db5  ..:.w.6..{..S.=.
00003580: 3ca7 7334 4ff6 6c2f 8a2f e09c 727a bc07  <.s4O.l/./..rz..
00003590: 3fee 600c c084 60ae 774c 6588 b20c e9fe  ?.`...`.wLe.....
000035a0: 6971 1db1 ddeb cd6d c576 ecbf f01a e07d  iq.....m.v.....}
000035b0: c534 c8db 568e 493c 7870 b1be 075d e2bc  .4..V.I<xp...]..
000035c0: 3800 3145 c614 f84d 8469 b0c4 f147 2762  8.1E...M.i...G'b
000035d0: 0af5 919e 1e6e a09c fd26 0aa0 fcdc a6f0  .....n...&......
000035e0: 802e 3ccd 188c 907b a9dc 96e5 82e9 fd7a  ..<....{.......z
000035f0: abaf 1569 dcd5 fedf a7a1 0c3b e276 02a8  ...i.......;.v..
00003600: c20b 0494 78f6 24b3 2582 9372 c2bf d664  ....x.$.%..r...d
00003610: 90ac cb48 7ade 299f 9bcd 0b8e d918 9ea7  ...Hz.).........
00003620: a565 79c3 73c4 b957 6dbc a128 5f84 3900  .ey.s..Wm..(_.9.
00003630: a17e 4251 712d 2991 06b5 2286 de10 afe7  .~BQq-)...".....
00003640: dd3d c077 0120 7980 3dfe a63c df3d 0096  .=.w. y.=..<.=..
00003650: 32b0 4b3c a6d3 3b55 959c c31d a703 1065  2.K<..;U.......e
00003660: ef79 fff9 c1b0 2ded e42a 9bc2 4aa7 3660  .y....-..*..J.6`
00003670: 4076 1ceb 74a8 cfd4 2680 1fea 0e0f 91bd  @v..t...&.......
00003680: 0491 1c8b a50e 8721 afe3 a997 27ba 00ee  .......!....'...
00003690: 55f4 eebf aa9f bf5f 65b1 5c7e dfdc e33c  U......_e.\~...<
000036a0: d923 3176 f1b2 329c 1da8 67d1 0584 27d1  .#1v..2...g...'.
000036b0: abc8 da8b 216b c0fb fcfd 4992 7d40 10eb  ....!k....I.}@..
000036c0: 8aea d54b da3e a8a5 7f44 bdb8 8ff7 7eff  ...K.>...D....~.
000036d0: 47da bbf7 592a cf8e ece6 54f6 e380 ce29  G...Y*....T....)
000036e0: 01a8 176a e6c0 293f 8e10 00bc e285 89c2  ...j..)?........
000036f0: 5990 07a7 fde2 56e1 2765 31cf 4f2f 8c3e  Y.....V.'e1.O/.>
00003700: 7ebe 023f 91f5 5394 dfc7 3b77 e0a9 3397  ~..?..S...;w..3.
00003710: 0c27 5070 03b3 7ae3 537a 3d0f 68f1 003f  .'Pp..z.Sz=.h..?
00003720: 308d 3400 dee4 7d7a 47d8 ac4b 0f9f d246  0.4...}zG..K...F
00003730: 1a4b 275b d501 18cf 9701 8014 b7da 6e4d  .K'[..........nM
00003740: eb4f 29a0 e7c0 8b1b 18af 4d1e 0eaf 099d  .O).......M.....
00003750: 146f 6bf4 f6b4 c174 819d 0253 a097 e0eb  .ok....t...S....
00003760: f1a4 1c98 0ec5 2311 f01e 18a0 3a10 f22e  ......#.....:...
00003770: ae78 882f d22f 0486 0e40 a467 e7f8 e333  .x././...@.g...3
00003780: efe6 dd9d 553f 2e20 14e5 f4da 6eb0 7cfe  ....U?. ....n.|.
00003790: fec1 b0bb 0241 3ba7 82b0 b429 d5b1 eb48  .....A;....)...H
000037a0: 5fba 5ddc 97b0 bde6 bd27 acb5 693b 485f  _.]......'..i;H_
000037b0: 76a5 67e7 6a0c c045 4ca7 b6b8 403e 893c  v.g.j..EL...@>.<
000037c0: 8ec7 83d7 27d3 65fc 2b54 191b 71d1 f3b6  ....'.e.+T..q...
000037d0: 066c 03c4 d2ae 4379 ef16 03fc 1a00 793b  .l....Cy......y;
000037e0: f6af d03d 440d 60e9 9821 5621 fc69 0780  ...=D.`..!V!.i..
000037f0: 669c 1152 5b9a 3ac0 747e c4b3 8f3a b0a4  f..R[.:.t~...:..
00003800: d1a6 9b1f 93a2 c1ca b352 09c0 4c83 f21d  .........R..L...
00003810: d2b9 5deb a7a0 469d 45f0 f2d6 1b19 d639  ..]...F.E......9
00003820: 73cd 0ed2 292c f496 d3d9 980e f9d5 9abd  s...),..........
00003830: 42d3 296c 583c 241c e3b2 01a4 12ef e477  B.)lX<$........w
00003840: 62df dc3b bbc0 4a80 0529 f8de 68ad 50de  b..;..J..)..h.P.
00003850: 1c78 f705 731f 8018 4456 87cb f43a cebf  .x..s...DV...:..
00003860: c0cf bdca c9e3 db02 a0fc 2f92 f400 d313  ........../.....
00003870: 8c9b 30da ce6e 97a5 aedc de8f 6cf7 94b6  ..0..n......l...
00003880: 0343 ef0b 0044 bf88 bee0 004a f025 0344  .C...D.....J.%.D
00003890: 1207 6bf5 888f 360f f9c5 2d14 eff8 fad3  ..k...6...-.....
000038a0: 00da b7e8 2901 d7a6 2d21 02ec 726c 90c6  ....)...-!..rl..
000038b0: 9b00 8883 4713 9a60 3129 0d27 85cc 8222  ....G..`1).'..."
000038c0: 2f53 865f 03a0 c48b e7e8 4ef6 dbf3 0c4d  /S._......N....M
000038d0: 1d60 3256 eb38 c56b 3cd8 59a5 91af 0130  .`2V.8.k<.Y....0
000038e0: affc c7d2 7ca4 3025 8cbb 7832 50d1 c9bd  ....|.0%..x2P...
000038f0: 03f2 5dd2 3215 e530 7456 8721 4347 c015  ..].2..0tV.!CG..
00003900: 30a6 079b 6d9a 98b0 5ce0 5744 9e1f 796f  0...m...\.WD..yo
00003910: 0239 f1f4 5e2e d3dd 1759 ff13 fdf4 df1f  .9..^....Y......
00003920: 9f97 ed4f 8d17 e769 dd2e 9e99 883c 4678  ...O...i.....<Fx
00003930: 6ff2 f84c c0ed d7a0 0580 09c2 1f22 9fb2  o..L........."..
00003940: e119 4348 da9f 3d3c f666 7093 08f6 5aeb  ..CH..=<.fp...Z.
00003950: 7ebf 963e 7d87 ec22 66cb 1756 defc e5f1  ~..>}.."f..V....
00003960: 8ab8 9862 0380 5823 cd73 01bb 4c0b 635b  ...b..X#.s..L.c[
00003970: b673 d6e1 d27e 7243 5d18 62fd d8a4 88eb  .s...~rC].b.....
00003980: caf3 0f26 3001 6547 0137 4f3f 545c 63ca  ...&0.eG.7O?T\c.
00003990: fb04 00d6 b741 e24e aa4c 35dc f058 7806  .....A.N.L5..Xx.
000039a0: 00a7 078b fb7e aac2 3bd2 8c47 5e78 3d2c  .....~..;..G^x=,
000039b0: 1b1a 2a57 3612 1a58 5e19 9a00 c8f9 f05d  ..*W6..X^......]
000039c0: e6de 996f 95e5 4feb 7731 4585 07cb 8330  ...o..O.w1E....0
000039d0: bd3b c06c 82dd 9630 e871 e735 8ebd db8d  .;.l...0.q.5....
000039e0: 0d4c 91c3 cbf4 72f1 8011 c1be 08cf 6356  .L....r.......cV
000039f0: 56dc 2936 7019 fc74 dd4f 2073 01de eb05  V.)6p..t.O s....
00003a00: 78ef 023d e812 56e2 ba97 8a34 e2e6 46f7  x..=..V....4..F.
00003a10: ee76 a0a7 de20 7b7c 03fc 0054 5c1c a45e  .v... {|...T\..^
00003a20: 6a67 5e4a f08b 0f4f eb74 f07b f802 44f2  jg^J...O.t.{..D.
00003a30: 867b 5b6f a98c df3b c629 ef4b 79b0 1c01  .{[o...;.).Ky...
00003a40: 9075 f015 bdd8 7885 1768 7dde dfed f5f1  .u....x..h}.....
00003a50: 807f 9005 8f19 1782 694d f9ba eca6 6c8a  ........iM....l.
00003a60: 8e35 20ea 2f85 95fd 5b01 6857 7987 d886  .5 ./...[.hWy...
00003a70: 8bcd 1907 6983 b680 9fcb d34c 635e 07a0  ....i......Lc^..
00003a80: 9cc3 1e20 f24b 30ae 0dda 1586 a073 0112  ... .K0......s..
00003a90: eb94 7e67 0bdb 67a9 77ed 704b 2738 ed01  ..~g..g.w.pK'8..
00003aa0: 30a7 46fd 1ca8 77e8 6b8a 7a7b 27d2 c739  0.F...w.k.z{'..9
00003ab0: 7c9d 0d76 c5d4 543b b442 cf6c a850 f05f  |..v..T;.B.l.P._
00003ac0: 081d 1353 4e3c 8222 9a3c 1d96 dda8 c873  ...SN<.".<.....s
00003ad0: 23af 774c 99e1 15e4 74c7 24f1 2fbf 1e07  #.wL....t.$./...
00003ae0: b08a e9b6 dcf0 10e0 d10d 0ff3 f804 38f6  ..............8.
00003af0: ab8f c3fc 14fd 8af3 1582 3e55 d632 e106  ..........>U.2..
00003b00: 873f 5fa6 72c0 0182 f285 12f9 8d63 04cb  .?_.r........c..
00003b10: 5cf3 4bf8 4518 d90d e0d3 b606 7c51 26b5  \.K.E.......|Q&.
00003b20: 815d 2400 6780 0f30 9c40 d0fb dd2c c45f  .]$.g..0.@...,._
00003b30: fbc7 9ea2 afb8 623c 0c00 d4f2 49bc 93df  ......b<....I...
00003b40: f995 7223 ff67 ef63 5eb7 3e73 437d fb05  ..r#.g.c^.>sC}..
00003b50: 1217 e95e ae5e 3edb 977c d638 a39e f0d4  ...^.^>..|.8....
00003b60: ca5a 3ffd ed00 d407 a02f 279c 54b3 3715  .Z?....../'.T.7.
00003b70: 02f8 0880 a5c1 421d 7a6d dbe3 17af e854  ......B.zm.....T
00003b80: ffc1 4a02 f0b2 dd3d 4031 faa9 c93d b7ab  ..J....=@1...=..
00003b90: 6ef4 53db ef20 17cf d2bd cbad 3bc0 1d60  n.S.. ......;..`
00003ba0: 1d80 f874 10ae 84d7 0038 e531 29ec 7bb2  ...t.....8.1).{.
00003bb0: fca4 4361 e0f4 776a b9d3 8437 e4c0 0368  ..Ca..wj...7...h
00003bc0: 785a 9b5f 4771 301d 801f 0420 3018 ec98  xZ._Gq0.... 0...
00003bd0: 3dd1 8fb4 f478 0388 e6ff e1d3 53d9 177d  =....x......S..}
00003be0: 00ac eeb9 09bc 084a 72c3 0237 2e3e 443e  .......Jr..7.>D>
00003bf0: 0596 a972 9eeb e7fc b26f d27d fefa d520  ...r.....o.}... 
00003c00: 5721 583c 42f2 0019 7efa 268a bf5e 1717  W!X<B...~.&..^..
00003c10: 0c7f c017 ed11 0f7e ab6c 1a2f 3096 7548  .......~.l./0.uH
00003c20: 85a4 db3e a122 17aa ea05 c680 ddea 0343  ...>.".........C
00003c30: 788f b3f4 7b52 8103 ade7 c931 bda8 7a3d  x...{R.....1..z=
00003c40: 622d cecb 8a32 a1bf 723e 1247 c7ad 3fb9  b-...2..r>.G..?.
00003c50: 21db e8f7 9c1f 9761 ab4c d371 cdc3 f396  !......a.L.q....
00003c60: bcd0 a7f3 a24a 1796 cdb4 1bfc 44b8 7b23  .....J......D.{#
00003c70: ff93 5512 d0af b04a 9817 9cbd 2b51 5933  ..U....J....+QY3
00003c80: 53a5 1baa 9914 e881 b26b 6544 0c19 85d7  S........keD....
00003c90: 8b7b 2be5 056b 02a0 038e a5e7 faef 563e  .{+..k........V>
00003ca0: 551b eb97 4bbd 10b6 76b0 0e2f d104 404c  U...K...v../..@L
00003cb0: 03be 0c40 8219 c30f 0ff5 e6c3 bdf9 4516  ...@..........E.
00003cc0: fe42 b29c 87f2 c5e0 c49d 55df d6b2 fba0  .B........U.....
00003cd0: e6e9 eea4 0e86 2a7f a60b d345 8190 c86f  ......*....E...o
00003ce0: 2460 fd4d c35c 11e6 e1fa 8a1b e014 60ba  $`.M.\........`.
00003cf0: 00ec 5320 f6eb e2b1 410d 680e 3009 d7e3  ..S ....A.h.0...
00003d00: f209 26fa fd29 fa14 593e 02b4 2837 9597  ..&..)..Y>..(7..
00003d10: c3ec 1fb2 67d9 c43e afe2 f139 b815 6a18  ....g..>...9..j.
00003d20: 78d2 9680 8784 d383 e0b2 16a9 6b92 b818  x...........k...
00003d30: bdf2 a351 d6c6 3a7e 7adb 6fa8 f7f5 09a0  ...Q..:~z.o.....
00003d40: 9318 343c 1bc3 7106 203b 14d0 94a7 f45f  ..4<..q. ;....._
00003d50: 382f 2f22 e2c7 9447 2f4f 0feb e923 0f80  8//"...G/O...#..
00003d60: 8f2f dad2 4fe5 216b f45b 93c3 1717 9989  ./..O.!k.[......
00003d70: 4901 40a1 e845 f13f 58bd 7104 8485 a603  I.@..E.?X.q.....
00003d80: fcd8 28b1 1dd0 9bc1 57c2 e06d b9e2 16bc  ..(.....W..m....
00003d90: 9449 ae26 22bf 9a04 00fd ae6c c223 3db6  .I.&"......l.#=.
00003da0: 9ed7 24ae 4f7a 8e6b a7d9 ec88 b486 67e5  ..$.Oz.k......g.
00003db0: 3169 07a0 bb5b a997 7844 201e aca6 35c0  1i...[..xD ...5.
00003dc0: abf0 3b51 0794 f802 be17 ff94 bb43 101f  ..;Q.........C..
00003dd0: 08ad a275 41fe 8068 bcb5 5121 0800 aee0  ...uA..h..Q!....
00003de0: fb18 a0e7 6f49 f06f bc39 919e 1ece 8b47  ....oI.o.9.....G
00003df0: 48fc 7739 86e9 666c f37e f3d2 0288 04c6  H.w9..fl.~......
00003e00: eec1 7958 8030 7e6d bb78 7904 5a40 51c1  ..yX.0~m.xy.Z@Q.
00003e10: f823 bd50 b503 797e 0240 39ae 1714 bf78  .#.P..y~.@9....x
00003e20: 94b6 d076 b5f6 c131 ed23 6e63 0094 2f50  ...v...1.#nc../P
00003e30: d9ff 6abb 4f7d b1f7 55ee b35b c74a bc0d  ..j.O}..U..[.J..
00003e40: c931 ed57 0ebe d2f7 4401 1217 c2b5 beb5  .1.W....D.......
00003e50: 3f4f 694f 7967 b94e f9eb 6914 18fb 7eb9  ?OiOyg.N..i...~.
00003e60: 903b 0cf1 4d42 78a0 f60c a9cd 6e30 f634  .;..MBx.....n0.4
00003e70: af0e 3f91 44fa 2112 9aca afac c75c 4e92  ..?.D.!......\N.
00003e80: 7f54 fdee f37f 3646 5622 bdbb a8cc e0ed  .T....6FV"......
00003e90: 2d15 f638 02ac ee5d 6a5e e205 4e30 f18a  -..8...]j^..N0..
00003ea0: 88a7 cae0 99bd bf0d 2f0f 02fc e29f 1fb5  ......../.......
00003eb0: a973 f3fc 70f5 59be 0fa7 4fc1 db93 ee90  .s..p.Y...O.....
00003ec0: 7cba 5b34 7e50 411a 5445 1de6 cacd 90ac  |.[4~PA.TE......
00003ed0: 9779 767a 657b adcf e449 bafc 2d3e 749c  .yvze{...I..->t.
00003ee0: 7e53 a45c 3d59 72d5 a47d 802c bc39 8216  ~S.\=Yr..}.,.9..
00003ef0: 14fb 0e86 10ef ffcc 2f81 0440 fdd8 0246  ......../..@...F
00003f00: 6cc7 7e03 a003 aa87 9569 2d87 fbb1 00a4  l.~......i-.....
00003f10: 8ba1 d8cf 6500 663d d253 e469 2f3c 0c1d  ....e.f=.S.i/<..
00003f20: 88ef 36cd 8d0b 8c5f acd1 3668 3378 ef80  ..6...._..6h3x..
00003f30: a09c bb8c 0ff9 2ded 7e5c f79c a775 c005  ......-.~\...u..
00003f40: fa94 7d14 6971 b9ea c706 5c7c 7c59 abcb  ..}.iq....\||Y..
00003f50: fd5e cfb9 9cf9 6aa2 cc68 9443 625b b11f  .^....j..h.Cb[..
00003f60: d912 f0cb b54a 6384 b28c fa22 fab5 0213  .....Jc...."....
00003f70: 2094 71d5 0128 f464 00be ab5e e31f 5433   .q..(.d...^..T3
00003f80: 1cac f048 60bf 4279 cc3f b820 bff2 9a8c  ...H`.By.?. ....
00003f90: 56c6 3cb9 b8f3 2a9d 4374 ce4f d08b 4b2d  V.<...*.Ct.O..K-
00003fa0: 0f4c e2ff 0318 44aa e715 2a8d bf03 4002  .L....D...*...@.
00003fb0: adc2 495e d5c1 42af a471 39de 5def 022c  ..I^..B..q9.]..,
00003fc0: 57e4 3b01 d0ff 8701 c390 cb9e de59 c2b0  W.;..........Y..
00003fd0: 83af 0350 cb26 b671 af43 0177 b272 97a9  ...P.&.q.C.w.r..
00003fe0: af84 13fc 340f ba0a 0282 b88a a62c 0c9d  ....4........,..
00003ff0: 883d b54d 35f8 e11c f19a 1680 527a 7a0c  .=.M5.......Rzz.
00004000: ff25 0cb0 431c 86e1 679b 8216 6012 e408  .%..C...g...`...
00004010: 60ec 4116 af70 8063 b9e9 e16b 820c 412e  `.A..p.c...k..A.
00004020: 7bc0 cf9f 3b14 5b95 01a9 921b 1efe 80f6  {...;.[.........
00004030: 0588 b0bb dced 6508 4a38 43d3 c688 c0c2  ......e.J8C.....
00004040: 256d bfc0 645f b7c0 4ff3 3bd1 a35b 5e17  %m..d_..O.;..[^.
00004050: f449 4bcb 01d8 81b7 215e 5b2f 7d16 f935  .IK.....!^[/}..5
00004060: f532 457c 8730 fa29 0390 2fee 76b1 f125  .2E|.0.)../.v..%
00004070: 0680 50c7 b39d a7c7 fce1 7d39 27e3 348f  ..P.......}9'.4.
00004080: 30e0 a77a bb00 d0a6 c1ec 05f6 024b 6194  0..z.........Ka.
00004090: a854 c15e 9910 4d89 d3e3 5b05 1826 fc6c  .T.^..M...[..&.l
000040a0: 6a8e dbe8 f83f a113 7800 9730 3c95 a994  j....?..x..0<...
000040b0: afc3 4f0d 4970 a5f2 3084 0af4 243f 95b8  ..O.Ip..0...$?..
000040c0: e699 8e96 1bf0 d3af e8da a230 4f7f b7e0  ...........0O...
000040d0: 8d4e d7e1 c700 c4c0 e00e 80b7 3474 50d1  .N..........4tP.
000040e0: b102 3f3c 2223 e1f2 68c6 c921 8a3b af22  ..?<"#..h..!.;."
000040f0: 29a7 787f be86 720d 7c01 b716 26bf 3c8d  ).x...r.|...&.<.
00004100: 36b0 5450 16f8 31b0 0abc 1262 f597 e319  6.TP..1....b....
00004110: b016 08b6 f3f8 78c6 e971 1d82 d827 082a  ......x..q...'.*
00004120: f4fc 2606 3c8a 1c5c 3e08 e54b 286f 7933  ..&.<..\>..K(oy3
00004130: 47ee 4c63 fa2b c7cd f697 8b96 5cb8 74ff  G.Lc.+......\.t.
00004140: d57e c55b 7cb7 bbc3 3a28 a5bd a51f 8bd7  .~.[|...:(......
00004150: dec7 d18e d077 8e9e c300 89fe a253 f7d5  .....w.......S..
00004160: f35b d43c bf12 e6e1 51ae 8de3 2c2e bf5c  .[.<....Q...,..\
00004170: c0c5 0e62 37ed 4374 3385 012f bfea 3039  ...b7.Ct3../..09
00004180: ecf0 a485 d6ab c8c7 178d 418c 154d 6b05  ..........A..Mk.
00004190: a0cf a3fd d105 f500 6590 f149 cfbe 56f7  ........e..I..V.
000041a0: 3235 d23a 0546 81e5 3700 533c 2a9f fe9e  25.:.F..7.S<*...
000041b0: 0c10 e101 c6dd e0bc 9990 3099 c41d c03c  ..........0....<
000041c0: 4e5e 8bb4 f40d 5e65 7aea 2f6b e35d d7c9  N^....^ez./k.]..
000041d0: 23d3 4659 8cdb 1453 7682 a000 d1f3 59cb  #.FY...Sv.....Y.
000041e0: 9bf0 db04 20ae c2d0 701c 7645 3979 70da  .... ...p.vE9yp.
000041f0: c749 bd83 fb45 0575 612f 50b6 e7f5 bf84  .I...E.ua/P.....
00004200: 1ac0 d8c1 b705 3fd5 1efc 3aec a6b0 1001  ......?...:.....
00004210: 8bc1 895f fd6f 6343 9ce1 4e6f 05a0 83af  ..._.ocC..No....
00004220: 40d5 f601 befe e609 da00 b6c6 8545 8026  @............E.&
00004230: 1724 4c91 c3d6 b8c8 5cd2 388b de45 f65e  .$L.....\.8..E.^
00004240: f2f9 d5df 4f96 34dc 9bd7 3465 c00f e368  ....O.4...4e...h
00004250: 4f47 3d40 eecb b21d 4b27 32fd 9438 03a4  OG=@....K'2..8..
00004260: 540c b01e a7ef 7b5e 3d8c 8ff1 5a5f ff22  T.....{^=...Z_."
00004270: 8ff4 3569 03f1 bcb5 8fca cd23 1923 43da  ..5i.......#.#C.
00004280: b019 5f6c 627c 793b e99a a69f dfed 3503  .._lb|y;......5.
00004290: f055 e4de 5633 2c0c f8a1 83de d7e6 9098  .U..V3,.........
000042a0: c2c6 80b3 dc04 8975 35be f141 00d4 4276  .......u5..A..Bv
000042b0: 2f10 10b4 a978 f5a6 32fe 5a4e 9f72 bb5b  /....x..2.ZN.r.[
000042c0: 0eb8 6a3c 821f ef47 7a5a a60a 4118 399e  ..j<...GzZ..A.9.
000042d0: 6e5f 94b0 9b54 3d55 d24b 8277 811b e490  n_...T=U.K.w....
000042e0: 339b 2610 d74e 6462 cf23 6f72 e4e3 18e1  3.&..Ndb.#or....
000042f0: 099e cd43 dd7a e405 1d11 92e7 ba14 602d  ...C.z........`-
00004300: 1ec3 af78 8f0d 7ea2 0a1b 56f3 c696 e31c  ...x..~...V.....
00004310: a785 fd34 f8e9 da1e 41cd a6ae f6a8 4cf1  ...4....A.....L.
00004320: 0201 4202 24e2 a36c 5287 98a2 3a00 a57e  ..B.$..lR...:..~
00004330: 809a b681 db1a 1f87 2d17 1e0f c794 2eda  ........-.......
00004340: c407 389e 97b4 782e f1c0 5eec 2bd8 f25b  ..8...x...^.+..[
00004350: c6ce 01dd ea05 e2a2 39f7 3312 7b6f 03e8  ........9.3.{o..
00004360: aeab 5ec4 2d7f e49b eb7d 6273 b13f fa6e  ..^.-....}bs.?.n
00004370: f661 b3ab dadd ebc7 6961 5b67 363e 1e79  .a......ia[g6>.y
00004380: 0cf3 79dd 067a be0c 02bd 8be2 0264 3883  ..y..z.......d8.
00004390: 38c1 3d35 f51a 4472 074c 1a97 ce31 1908  8.=5..Dr.L...1..
000043a0: fb5a 1c17 ac2a a128 ff43 b800 d0d7 0175  .Z...*.(.C.....u
000043b0: 1aec f9a4 1284 4b05 9f68 add1 ff11 9242  ......K..h.....B
000043c0: 0820 9263 ed26 4896 c57e 194a e1b9 1248  . .c.&H..~.J...H
000043d0: cb6b 3c0e 63f1 6055 92ae 6f17 509f fd8a  .k<.c.`U..o.P...
000043e0: 4469 efa9 3778 8a3a 2ee2 4919 31d8 b4f3  Di..7x.:..I.1...
000043f0: c89a 947b 1be4 71c8 2fd2 83f7 8737 3af8  ...{..q./....7:.
00004400: 7f65 f41b 258b 07e8 805b e047 c718 7e80  .e..%....[.G..~.
00004410: 0cff e251 937d d091 3a40 63ff b3ac e9c5  ...Q.}..:@c.....
00004420: fa1d a5db d701 391e be36 8d9b 1ef2 1b0f  ......9..6......
00004430: 318b 5de8 a282 0125 6d89 c1aa 8fb9 bc39  1.]....%m......9
00004440: bc4e 3cf0 0482 b55d f086 88f4 03a4 09cf  .N<....]........
00004450: 458f fb58 aaed bdaf 6b00 e47e a42a d355  E..X....k..~.*.U
00004460: e947 357c 893b 4090 d3ed e9e4 b1b9 4cb0  .G5|.;@.......L.
00004470: 11ea 8f8b b17a 7c0e 32cc ace0 ada6 a335  .....z|.2......5
00004480: a8d4 0765 b1f2 7471 bc78 0c46 2419 4f85  ...e..tq.x.F$.O.
00004490: 0db9 a7a6 80a2 73de 44af f68b 34b6 2008  ......s.D...4. .
000044a0: 4ff0 1a04 231f 4c2b c383 4ae8 e554 ba57  O...#.L+..J..T.W
000044b0: 5ee4 375c 24ae c2ca 21e4 f9a5 912d 5d2d  ^.7\$...!....-]-
000044c0: b3e7 9f8f fcac 4082 345f 6918 6a1c 2df7  ......@.4_i.j.-.
000044d0: 96e4 1fc4 7399 cf36 307a ba5d bda1 d180  ....s..60z.]....
000044e0: 5bef d562 60c1 2bd1 4147 0319 40c4 2096  [..b`.+.AG..@. .
000044f0: 38ea 9510 00fb c70f ecf8 eafd 410b 001b  8...........A...
00004500: fc64 1f37 4404 2e98 4e02 5e76 a363 801d  .d.7D...N.^v.c..
00004510: 430e a0f3 edbc 4141 5e1e c0d6 bc3a 8ec7  C.....AA^....:..
00004520: 5e63 c4fb 418f bbe0 0d13 55de 4984 ad70  ^c..A.....U.I..p
00004530: 23c3 fa8b dbdb c703 d6f3 f8b3 5cf1 96ce  #...........\...
00004540: c9fa 0b3c 436b 2fbf 20a2 1f51 9b2f 63ef  ...<Ck/. ..Q./c.
00004550: 80b6 20d8 fb10 f725 8ea3 db1d 76ae fe02  .. ....%....v...
00004560: 019f 8ffe c837 72d6 7cbc ce7e bcd4 db05  .....7r.|..~....
00004570: 6faf 2c51 91c3 328d 078c 67dd 1f00 3d95  o.,Q..2...g...=.
00004580: 979f 56d1 07a1 0182 7e12 0b8f ad28 9808  ..V.....~....(..
00004590: 9af0 0215 82d2 115c c824 32f2 8c05 4ce1  .......\.$2...L.
000045a0: 9979 e1b7 2168 d030 611b 2034 08ee 9559  .y..!h.0a. 4...Y
000045b0: 4540 eb53 6d00 a9a4 1165 58e1 5225 71b9  E@.Sm....eX.R%q.
000045c0: 3c56 66ae 43a9 8fe7 9bcf 0f1e 0360 9f9a  <Vf.C........`..
000045d0: 842d 43eb 3901 41bd 11e2 0bee b4f0 ae0f  .-C.9.A.........
000045e0: e49e adbd e557 3b9e 4329 2028 1737 5fd8  .....W;.C) (.7_.
000045f0: b769 b0bd b581 9b25 361d f63b a372 8340  .i.....%6..;.r.@
00004600: 9f17 b467 0679 5acc d094 7d05 858b 8f61  ...g.yZ...}....a
00004610: 0a14 5351 00cf 21b5 c010 6023 0f8f bdbc  ..SQ..!...`#....
00004620: 0ac9 e6e5 e976 deb5 96ff 432b e2af 4cf3  .....v....C+..L.
00004630: 1b29 6c2b dc58 421b 18d4 ec06 87d8 15d3  .)l+.XB.........
00004640: 577e 1551 9738 240c fdc5 cf87 8708 ef0f  W~.Q.8$.........
00004650: fb5b 9ecb 3571 7fda 1a17 dc8f f81c 84ab  .[..5q..........
00004660: 0600 a2fe 6bba dc4f bb6a 7ec8 cbfa 3f41  ....k..O.j~...?A
00004670: 4f2e d4c1 21e3 4771 4e4a 7d6a da1a 57fb  O...!.GqNJ}j..W.
00004680: 37bd b3dc cbe6 cb10 53f9 9fcc 7349 8ada  7.......S...sI..
00004690: 81f5 6646 c0ef c5ef 0ebf d8ba 9cde 2891  ..fF..........(.
000046a0: 6d91 6fbf c99c 5d32 e61b 11fe 6b1e e1ce  m.o...]2....k...
000046b0: 632a 1020 c86a 5e54 2fe3 2281 d473 6df0  c*. .j^T/."..sm.
000046c0: 2e3e c68d 1561 928f c24e 941d 8c41 791d  .>...a...N...Ay.
000046d0: 8009 3d1b 009c ce75 a15c 5d4b 5de2 1c1b  ..=....u.\]K]...
000046e0: a4e5 fffb d240 d505 7b1a 94f0 4c04 967a  .....@..{...L..z
000046f0: 71a3 e988 6cab 8704 f891 87c8 d363 a803  q...l........c..
00004700: 8f3d c398 2a2a 2cec 2b22 e5c3 0af2 f02a  .=..**,.+".....*
00004710: 03f7 235f 912b 1e65 5301 64c0 d020 397d  ..#_.+.eS.d.. 9}
00004720: 421f bf38 0fe5 00f0 345d f762 a5cc 6aa7  B..8....4].b..j.
00004730: a715 8022 0d93 412b 5027 ef10 edb1 9ce3  ..."..A+P'......
00004740: 61c5 f6f4 ac66 6fd3 5b75 0d82 3dac 4257  a....fo.[u..=.BW
00004750: 84fe 65fb dcd7 3005 ad69 525f e56d 8f8b  ..e...0..iR_.m..
00004760: 7ae2 38ec 15de 1e00 185a a7bd 9996 8cc5  z.8......Z......
00004770: dc57 26e1 ff7c 4b7c ca53 cb7b ce29 762c  .W&..|K|.S.{.)v,
00004780: 3fa0 0ec1 26fd 6748 a8cc 0aa7 e2f9 399d  ?...&.gH......9.
00004790: cddb b3b7 4570 a738 0028 95f0 78ab b15c  ....Ep.8.(..x..\
000047a0: 004a 0ff7 63c5 0b64 2964 d25b 9cd2 8f30  .J..c..d)d.[...0
000047b0: 4f9f e3b0 71b6 b419 0765 a606 1661 3adb  O...q....e...a:.
000047c0: 3dd8 e2fd a9fd 325e 4fe3 88a2 3385 2ee1  =.....2^O...3...
000047d0: add3 ea6f 9ce3 77f7 7c3f 0622 ae84 9426  ...o..w.|?."...&
000047e0: 0088 7000 1beb 5171 b3c4 df13 2e9f c392  ..p...Qq........
000047f0: 0e46 b00c 8fd0 b723 ccbd 3fbd a3e7 000c  .F.....#..?.....
00004800: b8fe 3008 7631 0039 4c40 856d 0de7 2f3a  ..0.v1.9L@.m../:
00004810: 7b7c f9f7 8a76 8ec4 4d0f 8fe3 03ac 7c2e  {|...v..M.....|.
00004820: 8089 e9ac da09 1ff8 74fb a6fd 6c40 f280  ........t...l@..
00004830: ee20 93b8 f11d 46a4 e7e7 e117 761e fbdd  . ....F.....v...
00004840: 8dba 06c0 2a8f 5bfa 9295 2bb7 7bbf eb69  ....*.[...+.{..i
00004850: d43c 2729 c860 03ef 5736 c330 28a1 1f48  .<').`..W6.0(..H
00004860: dbe8 328d 3304 e714 9bc9 85e4 44e3 8ea4  ..2.3.......D...
00004870: 65a3 e92d b885 a976 812a 0068 0116 a890  e..-...v.*.h....
00004880: a18a c13b d4c1 70d1 2bd4 20f8 c110 54d9  ...;..p.+. ...T.
00004890: f124 f20a d651 010d e4eb bf0e 119e 2a8f  .$...Q........*.
000048a0: 0d41 e9f4 6338 3e9d 37c5 29f1 087e 5986  .A..c8>.7.)..~Y.
000048b0: 492b fc50 9faf c00f 2ae5 f235 19ec 7379  I+.P....*..5..sy
000048c0: 1982 78b6 4bf6 ad8c d9a9 d059 a293 20dc  ..x.K......Y.. .
000048d0: 159d f6c5 eed2 8567 e8c0 4347 0600 d189  .......g..CG....
000048e0: d55b f469 2e40 c537 12f0 1156 8043 e24c  .[.i.@.7...V.C.L
000048f0: 9e23 3e8b 2f60 ea70 ec30 2cd3 62c0 4ed3  .#>./`.p.0,.b.N.
00004900: 4a00 da9d dd8b 3e6c 2d54 ca83 f2c2 5390  J.....>l-T....S.
00004910: 7dfd 7af4 abff 3f67 d849 e57d 43da 0217  }.z...?g.I.}C...
00004920: 18b7 0f3c 6800 30da c5e3 b22d b146 986d  ...<h.0....-.F.m
00004930: 7622 795f a3f6 9c54 cf67 ad7d 668d c37d  v"y_...T.g.}f..}
00004940: c4e3 695c 829f 8413 00fb f991 d790 16fa  ..i\............
00004950: 39f7 7706 1a80 9437 103d 9c67 2ca4 9ebe  9.w....7.=.g,...
00004960: 4a67 53d5 b1d0 fc62 e92d 2fe2 98bd c836  JgS....b.-/....6
00004970: fa79 4030 2077 b237 3100 3b0e b3bb 9916  .y@0 w.71.;.....
00004980: ae20 7cc1 5a9f b9ad 023f fdf7 783e fd15  . |.Z....?..x>..
00004990: 086a 8525 8d8d abc8 b651 ab97 1700 a1df  .j.%.....Q......
000049a0: bd73 f7bc cbbd 7ca3 c3f6 6387 c0d7 cb3b  .s....|...c....;
000049b0: c91b e88b 2a36 f401 3997 3fe3 6b38 d2e0  ....*6..9.?.k8..
000049c0: 2b7b f36a f875 3a7c 419a 0739 c003 b805  +{.j.u:|A..9....
000049d0: 00fd 6a1e f0c3 55dc c3e4 97a7 be58 2b8b  ..j...U......X+.
000049e0: 354a 8187 cb40 e4d3 22c0 151e 4200 8d40  5J...@.."...B..@
000049f0: 28eb 90fe 9032 0390 0109 cf0f 8fb6 9c44  (....2.........D
00004a00: 7ec7 16eb 5080 b294 8dbd 3fb5 85ac 5d2f  ~...P.....?...]/
00004a10: 8beb 69cf 7201 717b b25d fb80 e6cf 9765  ..i.r.q{.].....e
00004a20: 5f43 db78 9f2b c76e 5307 c6d2 074e de5f  _C.x.+.nS....N._
00004a30: f9a2 dcc0 997d 45ce b5fd 0007 a5c9 c739  .....}E........9
00004a40: 1df4 7789 27b6 c145 b19e 97e5 2a70 947c  ..w.'..E....*p.|
00004a50: f8a6 a71e b75f a48b 63e1 017a 7800 d0e3  ....._..c..zx...
00004a60: 0400 bd8f 2a97 4a5b 3dd9 a7b0 5039 8520  ....*.J[=...P9. 
00004a70: 3288 6d7a bc43 1275 7510 2604 6921 d3df  2.mz.C.uu.&.i!..
00004a80: 24c9 e703 b913 3d97 2fc2 c86f 347e 0788  $.....=./..o4~..
00004a90: c79b 0c58 c469 785e d101 68fb aa90 4e03  ...X.ix^..h...N.
00004aa0: d8aa 5afe 3df5 8e79 af8a 1dd1 e004 43d4  ..Z.=..y......C.
00004ab0: 75a9 139d c7e7 a0b3 9ccf e999 9537 03e0  u............7..
00004ac0: c178 4716 2f10 d008 184a 3800 f866 80d3  .xG./....J8..f..
00004ad0: 3017 bc3f fe32 72f1 9e5e ecbf b53d 9f45  0..?.2r..^...=.E
00004ae0: 2f97 6d5f 57f3 f378 ba0c af2f be5b a8cf  /.m_W..x.../.[..
00004af0: eb79 fe1f e94d 32b0 ed31 95fc e748 71c7  .y...M2..1...Hq.
00004b00: 5620 acfd d4ca a66b a41e 0edb 2c1e 60d8  V .....k....,.`.
00004b10: 33db 4407 546f a3cb 6fd4 cf1f 4a0f 3872  3.D.To..o...J.8r
00004b20: 1ae3 f6aa 9e7e 3fde e34c e592 7d86 4000  .....~?..L..}.@.
00004b30: b9c5 e33a c876 4007 7d82 f31c cac1 c7f0  ...:.v@.}.......
00004b40: 1d41 f5e6 3c4d ec5b bfb3 7ea0 5f7f 928f  .A..<M.[..~._...
00004b50: 1950 7f09 2042 5c96 06c0 a94f a36d 253d  .P.. B\....O.m%=
00004b60: 4937 60e8 e92a 00e1 a931 f8d4 f393 fd49  I7`..*...1.....I
00004b70: 9b30 ccf5 3f48 d2c3 dd5f 7e50 5a8c c344  .0..?H..._~PZ..D
00004b80: 0740 c298 0e0d aef4 9ea1 714e fc62 9b74  .@........qN.b.t
00004b90: f57c 4e67 43c7 6038 2b3b 98a4 553b dbad  .|NgC.`8+;..U;..
00004ba0: 425d a2d1 6970 a203 d894 86e2 715c 554e  B]..ip......q\UN
00004bb0: 17fa 2041 47c7 be0d 6493 0c1e ed44 0a33  .. AG...d....D.3
00004bc0: 07db 8b41 8d3d 38eb 6076 7e78 742d 5ccb  ...A.=8.`v~xt-\.
00004bd0: 2953 c278 7d0f f95c 4024 2095 3725 e4d7  )S.x}..\@$ .7%..
00004be0: d70e 013a f5fc 78ca 4ce0 b5e9 15df f9f6  ...:..x.L.......
00004bf0: ff06 a7e9 5a39 c223 952f eb90 f719 f073  ....Z9.#./.....s
00004c00: 1bab 0d06 0042 d1b7 4ed6 07c2 5e21 4b1b  .....B..N...^!K.
00004c10: 7555 1b53 bbdc 226e a3e9 7c3e 0ec9 18d4  uU.S.."n..|>....
00004c20: 812f 60f9 a0a5 0b11 da54 2e38 d049 94e7  ./`......T.8.I..
00004c30: a34e 800e a6a4 d16f 90f7 509e 2897 ffea  .N.....o..P.(...
00004c40: 387e 8163 9417 35be 632f 10b4 fe73 ae8f  8~.c..5.c/...s..
00004c50: c1d0 e330 0cc0 e5a6 a87b eb91 9fc8 e3f1  ...0.....{......
00004c60: 3990 af01 1aec 34e1 4575 5d10 09f7 842c  9.....4.Eu]....,
00004c70: cc40 581e ab89 cee3 6ae9 7478 1443 9eec  .@X.....j.tx.C..
00004c80: 36f7 2e00 1d4c 4b38 e95a 23f5 ce5c d21d  6....LK8.Z#..\..
00004c90: 5421 88f0 5a8f 2e86 5e74 1edf bf55 282f  T!..Z...^t...U(/
00004ca0: d74b 06e7 f4ac 568f 53e0 b701 c071 4ae3  .K....V.S....qJ.
00004cb0: f050 2fed c506 0a97 83ed 57b6 235d 9f5a  .P/.......W.#].Z
00004cc0: ab97 d3c2 7c9a 8d6f 1b86 a7a8 1ea0 bc89  ....|..o........
00004cd0: 313f cc8d 302d 5bfb 2498 a561 6b7d 023f  1?..0-[.$..ak}.?
00004ce0: c413 38c2 2bc0 9b1b 00a0 fdf7 3beb 6fab  ..8.+.......;.o.
00004cf0: ddd8 5e6e 33aa 2bff 622c c8a3 1e8b 7d51  ..^n3.+.b,....}Q
00004d00: 7fb2 d12d ea10 dcdb 17e9 987c cb77 6ba1  ...-.......|.wk.
00004d10: f4c8 fd22 810b 06c1 5ade 4be6 e9e5 02c0  ..."....Z.K.....
00004d20: 966f 8e09 8c83 7aae e687 f7fa c323 cb9b  .o....z......#..
00004d30: 21ea 34c9 73bf de4e 13b0 a23c ad6c 7d4c  !.4.s..N...<.l}L
00004d40: ca6f b645 b2a9 7c65 ea45 2ebc 12e1 649e  .o.E..|e.E....d.
00004d50: 96dc e0d0 4c9f 45cf cbd7 a1d1 e031 6d8d  ....L.E......1m.
00004d60: 385e 49ca 4c94 b79a 9feb b6eb 2a00 9f13  8^I.L.......*...
00004d70: 803a 083d 5ec4 09b0 ac1d a574 1a52 3fd6  .:.=^......t.R?.
00004d80: e3f5 30d5 940f 87a9 6a3d baf2 dc79 10f4  ..0.....j=...y..
00004d90: 8ebb a75e 17dd 2f60 f36d 3e8e 3838 afc5  ...^../`.m>.88..
00004da0: a960 7279 1951 3640 9017 fbb9 0ce3 b6c4  .`ry.Q6@........
00004db0: 236f 72c9 e3e4 fdc5 e3c0 cbd4 c1f2 6e6b  #or...........nk
00004dc0: 7678 17b7 80d0 85bb 8671 4e80 1371 fcfd  vx.......qN..q..
00004dd0: 5bf9 d57e 49a0 1b04 989a cddc d60c c0e2  [..~I...........
00004de0: 05f6 b6a8 f6e2 7dc0 0353 6bd8 e7f1 aab6  ......}..Sk.....
00004df0: 15b8 6019 405f 7b75 10e2 c60f db0d 6bb3  ..`.@_{u......k.
00004e00: 5956 91f5 6bb4 5307 608c 5f05 92f3 0370  YV..k.S.`._....p
00004e10: 0a70 b907 4776 d63b b291 3704 e7c9 1ca8  .p..Gv.;..7.....
00004e20: fafa 6883 20cb cb90 71cd f98a 0b51 79b0  ..h. ...q....Qy.
00004e30: daf3 9670 a987 5251 5ec4 beec bc9d 30f5  ...p..RQ^.....0.
00004e40: 75ef ad48 e055 0136 29ae 9e1d 78ed 0a3a  u..H.U.6)...x..:
00004e50: 9d07 6a47 f8d9 5ed5 d246 f163 80e1 02a4  ..jG..^..F.c....
00004e60: af68 02dc 8d4a 9857 f0ad 75b5 41b1 a5ab  .h...J.W..u.A...
00004e70: 20a4 41b7 a90e 4296 c7c9 bb65 542e 4fbf   .A...B....eT.O.
00004e80: 88f2 8e81 e1fd 03e7 4e30 34c9 6039 e7ff  ........N04.`9..
00004e90: 076e 7531 7bf1 603b 0764 3170 f53f c215  .nu1{.`;.d1p.?..
00004ea0: 10f2 bfc8 f435 3df7 062d de4f fbef 71fe  .....5=..-.O..q.
00004eb0: 1fe4 f4f7 ddde 318d f2d3 400c e8a9 e798  ......1...@.....
00004ec0: e588 ba15 7bd6 8b0b d739 6047 613a 107b  ....{....9`Ga:.{
00004ed0: 3d5f 3a00 edbc 4729 f273 f024 e04c 5896  =_:...G).s.$.LX.
00004ee0: 4259 34ec 8d3e 38c0 edac b2f4 d0fe bc06  BY4..>8.........
00004ef0: c8ed b942 a8c2 a908 90f3 67fe b23d 1c52  ...B......g..=.R
00004f00: 98fe 465a 937a fabe 5c46 c7e5 57ea 07d8  ..FZ.z..\F..W...
00004f10: 8707 287d 4b75 b990 bf3c d91a 20af f761  ..(}Ku...<.. ..a
00004f20: db1a d907 4a1b 44dd f06a 7c57 843d f1f1  ....J.D..j|W.=..
00004f30: 2b8f c174 4fe9 64de 9f3e 9b25 9d9c 2aba  +..tO.d..>.%..*.
00004f40: 0baa 6bc7 bb34 7e6b 2032 ee56 5dbb 0a00  ..k..4~k 2.V]...
00004f50: 9f1b fc6e 294f 5387 060f cc88 33a8 2e3d  ...n)OS.....3..=
00004f60: 48bb b501 4cde 8ca5 e379 c480 f401 ad79  H...L....y.....y
00004f70: 8a17 d78f 537e d2ce ded6 d55e b5ec dba2  ....S~.....^....
00004f80: 1b22 3e7d 0df8 0180 eed1 a937 2392 0f0a  .">}.......7#...
00004f90: b867 c31e 23ce c31d 63f9 a74a b8e1 c103  .g..#...c..J....
00004fa0: bf7b 7e3c e863 8053 fd66 0f90 55db 46d3  .{~<.c.S.f..U.F.
00004fb0: 93fa f894 d2b6 a5ac abf7 fc28 31fc 0a1c  ...........(1...
00004fc0: 1a88 0009 c021 9ec1 bbec c36b ea00 e474  .....!.....k...t
00004fd0: a21f 509a 4b3c 16c7 f3f4 e17d aaed 1584  ..P.K<.....}....
00004fe0: 06e2 8023 df05 a6f2 6858 bb43 dceb 8538  ...#....hX.C...8
00004ff0: 9ac6 259c c11f e77b 3e4f fa6a 9a2a a7b4  ..%....{>O.j.*..
00005000: 00a1 24aa 0d45 dedb e2d9 71d8 a4a1 a16e  ..$..E....q....n
00005010: d315 707e 51bd d3d8 e31f 9763 b742 cb01  ..p~Q......c.B..
00005020: 9ecb 02f5 d812 ff4e f120 e3ed 8ce3 8377  .......N. .....w
00005030: 6bd0 7278 39b7 76ec f402 e732 94f4 10ae  k.rx9.v....2....
00005040: fd85 0777 075d 1306 91c0 813c 30ac 59c5  ...w.].....<0.Y.
00005050: 7f85 13ef 4d65 9e1f 2007 b875 f8c5 ff10  ....Me.. ..u....
00005060: d6e3 3f2c 7dbf ab1d 039b 0644 0ef6 b3c6  ..?,}......D....
00005070: e17a 848d 7abf 2e20 ccb8 b003 4339 fe2b  .z..z.. ....C9.+
00005080: 9cfe 6738 bc87 bd6f e35b 945e e601 2950  ..g8...o.[.^..)P
00005090: f07b 569b d983 e37e b7dc e3a5 5dea b9f2  .{V....~....]...
000050a0: 2b6d 2675 65f8 2cc0 a36d d885 d3ee b0e2  +m&ue.,..m......
000050b0: 0b11 4f77 97b8 888f 7854 063e aed0 73f0  ..Ow....xT.>..s.
000050c0: a1ac fa8b 381e ffa9 befd 61bf 80a0 de51  ....8.....a....Q
000050d0: f1ff 1a37 8268 e914 833c 2dcf 6c4d a389  ...7.h...<-.lM..
000050e0: 3b1d abc4 7b14 50ba f7d7 1a78 89bf 23ed  ;...{.P....x..#.
000050f0: d40f f2fa 8eaa 9611 0329 cb5f 21e8 83b6  .........)._!...
00005100: 0d60 a4d3 3dcd 4863 6790 8e6d 53d4 07f9  .`..=.Hcg..mS...
00005110: 9a87 7548 e9f8 0e41 0747 99fe 0a40 745d  ..uH...A.G...@t]
00005120: cfee 02e3 7de4 e201 629a ecff 1b38 3cc7  ....}...b....8<.
00005130: d7fc 602c f22b c0eb a2e9 7d01 db62 c784  ..`,.+....}..b..
00005140: 18f7 5309 d33c 5efc 311e f25e 15e0 aff9  ..S..<^.1..^....
00005150: 4dc1 bb00 8819 8ef7 af5b e157 5501 5866  M........[.WU.Xf
00005160: 5a7e 7c02 a028 fa4e cf83 2471 e081 611d  Z~|..(.N..$q..a.
00005170: 127d 4d8e c7d8 8bbc cc6e 09c1 157c fd03  .}M......n...|..
00005180: 099c 1fe2 c19b 8c6f 88ea b15a 7ec4 8dbb  .......o...Z~...
00005190: c080 94ce 93dd 3d7c 918e e915 c946 10a8  ......=|.....F..
000051a0: 19d8 b600 2899 e36b cef6 d104 fbc8 2a3e  ....(..k......*>
000051b0: a050 3b4c a6ad fb31 4593 f429 1ca2 0ad7  .P;L...1E..)....
000051c0: 72dd 2887 df24 34ce 2d10 fbae 690d 2bd3  r.(..$4.-...i.+.
000051d0: a781 c9c7 a90e 69cb b57d 1880 6cd7 6e87  ......i..}..l.n.
000051e0: bd01 3ab5 dfac f97c 4de3 e41d f194 1d57  ..:....|M......W
000051f0: c127 d35b e92b 0eba 782e 4c85 b5be 7c06  .'.[.+..x.L...|.
00005200: 50cf 8507 8835 4259 2fc4 344b 3aba b76b  P....5BY/.4K:..k
00005210: bc23 0d9d 45e9 7dc2 3bb3 ba59 fdab 2d7d  .#..E.}.;..Y..-}
00005220: db8f b30d 6047 fe06 60bc fa07 18ca a7c8  ....`G..`.......
00005230: d03e edb7 dbe7 883a 04b8 dff6 6355 962f  .>.....:....cU./
00005240: a6c0 fa16 cec7 7b05 0b39 04b8 7861 7f2a  ......{..9..xa.*
00005250: 2fce e3e3 6a77 78c3 7231 4298 2a2f 3c92  /...jwx.r1B.*/<.
00005260: 2f7e 17e0 49fb 76f8 7939 5126 8429 bfbc  /~..I.v.y9Q&.)..
00005270: efc0 a3dd f326 ed26 882b bee6 7216 d95d  .....&.&.+..r..]
00005280: 61ed 94e4 4a62 f15c 2bbd 0c2a 7906 e749  a...Jb.\+..*y..I
00005290: e362 e151 1f8e 56f9 27b3 5efd 36bb 18a2  .b.Q..V.'.^.6...
000052a0: 8be0 573b 9ae7 47d0 9a1a 604f 251d d9f6  ..W;..G...`O%...
000052b0: 7426 f5ce 7224 bfa3 9db8 9461 38be a78c  t&..r$.....a8...
000052c0: 9f65 9dea 54ed b9b6 d13a 9045 3270 575b  .e..T....:.E2pW[
000052d0: 8408 6479 ce5a c6ae bd38 0020 0689 5eb5  ..dy.Z...8. ..^.
000052e0: dd23 8957 d75e e929 7ef5 040d 8078 db24  .#.W.^.)~....x.$
000052f0: a6c0 b8fb 8b7d 3cd6 21cf e19d 1376 f1bf  .....}<.!....v..
00005300: 53fa cd17 5740 29c4 00ec 3673 3110 bd4e  S...W@)...6s1..N
00005310: 2803 4f81 f11b 760e 9ba6 6d6f 1543 ceda  (.O...v...mo.C..
00005320: 6a3e b6ca ec8f e506 3c4f 19ed d1d3 6d00  j>......<O....m.
00005330: dc2a 33ce e5b2 701f 80a3 5560 e753 5685  .*3...p...U`.SV.
00005340: 96b7 dfba 66e7 e2f3 a8bd 100f 9e9f 7ab3  ....f.........z.
00005350: 12a6 f96d 4350 01c8 eff5 f2ab 6c06 c2cb  ...mCP......l...
00005360: 3151 83d7 043f 2d88 18f5 c5be 18dd 61ca  1Q...?-.......a.
00005370: e14b 079a 4471 d480 e4fa 97ed 3bd5 073c  .K..Dq......;..<
00005380: 37d4 7768 1938 83fa 39fd dcd8 d7f2 ce00  7.wh.8..9.......
00005390: 445d f601 9810 0c4f bbd9 a3c8 3b7c 2fc7  D].....O....;|/.
000053a0: 5784 fc00 3ffe 18c1 9b4b 3d3f 8789 3cbe  W...?....K=?..<.
000053b0: 5260 e70f 4687 87e1 c7ad 73d7 bbbb 78db  R`..F.....s...x.
000053c0: a13c 7b78 cac1 3803 306d 3cf5 c9de 6e7a  .<{x..8.0m<...nz
000053d0: aea6 6b83 cbca ea6b 7f98 06cb 1deb c8e7  ..k....k........
000053e0: 6b7d ae83 4aa4 e539 e129 840a bc1e 57c2  k}..J..9.)....W.
000053f0: 744c fa1b 18f0 007b bae8 4fec e1f1 ec20  tL.....{..O.... 
00005400: da11 6ad3 4dac abc2 d680 553c 9622 c0f3  ..j.M.....U<."..
00005410: 8b9c 6cab d71e 00ec 69d5 7402 8027 9b6a  ..l.....i.t..'.j
00005420: c76c e1d5 bc4d 9419 6975 089a 07c8 1e9f  .l...M..iu......
00005430: ff46 d829 e185 0f9f 766f 101d 23a6 d117  .F.)....vo..#...
00005440: bd7b 5a78 6304 6994 8710 71ae 9f9f 505d  .{Zxc.i...q...P]
00005450: 3b57 28bc 40df eec7 6f11 d2d8 488b cb30  ;W(.@...o...H..0
00005460: 96e5 0edd 9b56 3da7 76be 18a4 6a17 eaa0  .....V=.v...j...
00005470: 0bf0 ba9e ebc0 e6f3 bb90 4729 c35a c6bd  ..........G).Z..
00005480: fd5a 76a4 9d37 3dec 3b7c fee9 aa58 c713  .Zv..7=.;|...X..
00005490: f923 30f0 008b fcf1 1682 a03e e7e7 6100  .#0........>..a.
000054a0: 20d7 ad0f a4f0 10fd 78b6 11d5 9bfb 6407   .......x.....d.
000054b0: 21d9 8f5f 1b04 8c01 6d7e ce6e 05e0 6acf  !.._....m~.n..j.
000054c0: 6b5a 3dbc 67ed c7f1 18d6 736e 239f 7a8e  kZ=.g.....sn#.z.
000054d0: 4151 caa7 4b0d 3b1e a09c 8f29 67f4 2f2a  AQ..K.;....)g./*
000054e0: 4b39 47a1 c517 167f d4e5 5cbd af0e c180  K9G.......\.....
000054f0: 9f9f d7a7 b83c 95c6 7f72 9438 5236 5c44  .....<...r.8R6\D
00005500: 0140 4da7 d5c3 f26d 0094 3f00 9f3c ff27  .@M....m..?..<.'
00005510: 5290 9dfc 9940 0198 ef33 04f5 64af bcde  R....@...3..d...
00005520: 34f1 34c2 db93 7d21 b20b d368 f100 f1f1  4.4...}!...h....
00005530: 5478 95d3 149b a546 06f8 ce68 0484 ad1d  Tx.....F...h....
00005540: e3b0 3ccd da89 b253 8ee5 f846 ede5 d18f  ..<....S...F....
00005550: b1b7 814e 296d 002f 47cb bce9 0122 1c71  ...N)m./G....".q
00005560: bc8e 9e4e 1140 b539 4011 d7f2 c615 798d  ...N.@.9@.....y.
00005570: e771 237e 9659 bc38 5b88 f76f f7b9 17f8  .q#~.Y.8[..o....
00005580: 2afa 10f9 dd60 85a1 4c81 0988 0e19 0c1c  *....`..L.......
00005590: 9d1e fb00 c837 432a 00f7 bc3f 09af ed5e  .....7C*...?...^
000055a0: c15f 8e85 fdbc cf52 fa18 ccf1 0d46 7f04  ._.....R.....F..
000055b0: 46c2 221e 5f0c 36ed bbad 3ec0 037c 0d7a  F."._.6...>..|.z
000055c0: 659c b43e cff5 9cda 670b 805b 6dcc 1e57  e..>....g..[m..W
000055d0: 85a0 a897 f7a4 61dc 7e0c 3d7e 7612 5ea2  ......a.~.=~v.^.
000055e0: 3dbf 67cf f0a1 edd9 fb93 ff1f a4e1 3d1f  =.g...........=.
000055f0: 2f53 9d0e 9ffc 4d10 4f64 5767 829b d0d6  /S....M.OdWg....
00005600: 8105 3056 00be 5c3c 4023 b2fc 8bcd d0fb  ..0V..\<@#......
00005610: 45af 2203 5e7e 41da 6e59 eb14 fb54 3b9c  E.".^~A.nY...T;.
00005620: 4807 5571 855b a3de a9fa 2186 55a5 b3fb  H.Uq.[....!.U...
00005630: 3953 d82d da4b 6b2b bd1e 6e71 f5ea a510  9S.-.Kk+..nq....
00005640: c480 0a00 fa97 46be 04c0 02be 2e2a 8bdb  ......F......*..
00005650: eada c040 dc9e bef6 2bf7 00e3 6b2f 3f45  ...@....+...k/?E
00005660: 9fa6 1f9f 09bd 0f7b 101a 373b 00c2 e8bf  .......{..7;....
00005670: 3258 3cbd 78d7 578f 3100 b7d7 01b9 7c53  2X<.x.W.1.....|S
00005680: 3bf1 76e8 62bb 7cde 35eb 1500 e6df 9796  ;.v.b.|.5.......
00005690: cf8e 5d0f 69bc 80a3 3f67 9959 0986 5aa7  ..].i...?g.Y..Z.
000056a0: 1acf ca52 cbb9 ef01 2e1a ca36 ed23 0c36  ...R.......6.#.6
000056b0: 47be 80a2 7a7b f46f 7131 7b4c 98d9 af84  G...z{.oq1{L....
000056c0: e1be 03fa 43b5 87cb c107 9694 cf61 e907  ....C........a..
000056d0: 112e 9257 db6c 9b88 7ed1 ab0a 0034 1712  ...W.l..~....4..
000056e0: 5e1d 5e2f e953 5dfc 73f5 f870 aa4b 3dbf  ^.^/.S].s..p.K=.
000056f0: 737a 7fea 11ca 3f40 7ff1 a971 5cc9 bcb0  sz....?@...q\...
00005700: 5d54 c1bb 6078 203e 7b33 4bc7 77f5 73ae  ]T..`x >{3K.w.s.
00005710: 89cf eb69 4de9 d6fd da31 b5b1 5fd3 ab00  ...iM....1.._...
00005720: 00f4 1cf6 4e16 219c 7e35 1ff1 2aa9 9343  ....N.!.~5..*..C
00005730: 6d80 4a1c 9db2 bedb 827e efc0 d3e0 d84c  m.J......~.....L
00005740: f794 0bf1 3905 fefc fdfe 79d1 0580 b28d  ....9.....y.....
00005750: 3bbc fad8 0bbc 41d1 0ffb 55b8 f87f 5583  ;.....A...U...U.
00005760: a7c0 b611 bb14 0092 d76c 7dc8 6088 f666  .........l}.`..f
00005770: afaf aa85 87fd 243c 6da4 e9a8 7741 5ea8  ......$<m...wA^.
00005780: 972d da48 f332 7b17 efab d9ed 16e5 a047  .-.H.2{........G
00005790: 5dd7 3821 1f5f dcd7 ba26 00e6 b8a3 3a0c  ].8!._...&....:.
000057a0: e756 a13c d7ca e56d e23c c97f 354b f07b  .V.<...m.<..5K.{
000057b0: 93b5 4287 6029 4f63 4584 0d0e 4e01 e019  ..B.`)OcE...N...
000057c0: 6b75 7e15 f50a 018a 32fd 9569 29ae b058  ku~.....2..i)..X
000057d0: df63 6f70 b97b acfb 5648 79cd 0ee1 484f  .cop.{..VHy...HO
000057e0: 14d0 f373 0153 f94f 70a8 1cbb aa1d 7ab5  ...s.S.Op.....z.
000057f0: 52cf 3b46 bd4d d6b9 6d4a b386 afea e75f  R.;F.M..mJ....._
00005800: 139f d7d3 eae9 f6fd 9475 145c 25f1 7641  .........u.\%.vA
00005810: 195c f88a f102 bf0d 00ca afe4 25ed ddd5  .\..........%...
00005820: 06a7 804f ff15 e53f 9fd1 5656 cefa dbcb  ...O...?..VV....
00005830: 3b01 48fb 9f5c 0cfd eeaf 4130 0188 e701  ;.H..\....A0....
00005840: f16b f0f3 e9b1 df28 b135 215b 139c de0f  .k.....(.5![....
00005850: 8617 a676 89fc 5de7 f408 a53c ddd6 d5fe  ...v..]....<....
00005860: 6683 6817 b21b c2f5 d7eb 85b4 318d c35b  f.h.........1..[
00005870: 21d3 a7a7 60a3 9eff ad92 b628 9039 3c2e  !...`......(.9<.
00005880: 6a1b 430c 39f3 acdc 3393 76f7 71db 4179  j.C.9...3.v.q.Ay
00005890: 8fa2 ff7a daec 44d9 c713 00bf faf1 8484  ...z..D.........
000058a0: a031 41cb 28cc 28e1 e915 3337 b40d 196c  .1A.(.(...37...l
000058b0: fc79 2b5d 0ff4 704c 6b13 6e1c 7ebe 7872  .y+]..pLk.n.~.xr
000058c0: 1cc7 0a0f b801 7af0 1ec3 933c 8bfc 1c5f  ......z....<..._
000058d0: 538c 4a03 8297 b0b8 f57d cace 1214 f74a  S.J......}.....J
000058e0: a811 0f34 3477 d409 7271 8cc1 11f1 b7d5  ...44w..rq......
000058f0: d3d8 13c7 efe9 f4b4 6a58 0e92 6287 36c8  ........jX..b.6.
00005900: 65b0 959b 490b fcf8 18c4 7515 48f4 0e9d  e...I.....u.H...
00005910: 1d5b f292 bbb5 00a0 fc3f 5e00 b094 93f7  .[.......?^.....
00005920: 353d 40af 0250 a7a2 d2ee b2ae e310 b4af  5=@..P..........
00005930: 3b7f fefe 50f9 231a 3e3d c65a 203c 407d  ;...P.#.>=.Z <@}
00005940: 5c06 5e9f 808f efb6 fa8d 8767 917c f6ea  \.^........g.|..
00005950: 3c78 82e7 e691 0d6d d06d 10ed d500 c877  <x.....m.m.....w
00005960: d319 b479 a1a2 e9b0 7f15 9adb 53d4 f3bf  ...y........S...
00005970: 4bee 10e4 e05f fbd6 aade 6e26 b38b fda2  K...._....n&....
00005980: afa9 bd43 e6a9 2d9e f690 56a4 d9b6 396d  ...C..-...V...9m
00005990: 19f7 f941 044b 3bf3 c3d4 d720 573d bd04  ...A.K;.... W=..
000059a0: 1bb3 01ed d4bf 9414 f71a d22b ebc0 abca  ...........+....
000059b0: 6ffe adc7 046c 713e 2006 42e3 5c29 f4c9  o....lq> .B.\)..
000059c0: 3ccc 5791 535a 3ec0 c01e 60dc 1c79 4ba3  <.W.SZ>...`..yK.
000059d0: 2e54 6f95 bfde b855 6618 0c7a eac0 a20e  .To....Uf..z....
000059e0: 0a7a f07b 4b3d fd3d f573 bba6 7816 5607  .z.{K=.=.s..x.V.
000059f0: 8a0e 2a95 3fef 2610 f467 def6 01e8 6148  ..*.?.&..g....aH
00005a00: 9f21 a861 06c0 3a2d cbce 246d 248f 4b00  .!.a..:-..$m$.K.
00005a10: 82f2 1fd8 f8e2 242a 17a6 02c0 0ebf ac0b  ......$*........
00005a20: 0028 e9da 7f6d 1309 00ed 3fb9 a907 a8df  .(...m....?.....
00005a30: 00f4 07a5 e995 38ed 2727 5b12 e8ff 0c1e  ......8.''[.....
00005a40: 1f40 e5c7 4fa2 3c62 2b9f a276 00f6 f698  .@..O.<b+..v....
00005a50: 06b4 1e27 5b96 fafa 2fe0 1717 a9ad 1b21  ...'[.../......!
00005a60: 65bf e673 8bb8 ccec 055d 7710 e67c 3b00  e..s.....]w..|;.
00005a70: 4f3e 2d2d 5f6e 51a7 c52e 40e5 0614 419e  O>--_nQ...@...A.
00005a80: 6d14 7dcf 1536 e2f1 1ecf fc1d 1ff7 282b  m.}..6........(+
00005a90: da59 d397 be2d c7cb 98c6 394f 750d 10d3  .Y...-....9Ou...
00005aa0: 5316 c0c4 e0e3 b8f9 0519 f6ec cc83 e3c7  S...............
00005ab0: 6b6a fa09 4386 a089 e6fa 3088 96c3 1406  kj..C.....0.....
00005ac0: 188c d11b bf5f 39ba c116 d8ed 6907 82bd  ....._9.....i...
00005ad0: d3ec a99f db35 c593 7d74 1234 aefc ea80  .....5..}t.4....
00005ae0: f769 953c f716 1fb4 ec65 5fd4 f345 b843  .i.<.....e_..E.C
00005af0: e0c4 005c eb20 5360 f5d2 7efd d436 d2c1  ...\. S`..~..6..
00005b00: e15a 3abb ec17 f831 046d ed4d 7e79 1a0c  .Z:....1.m.M~y..
00005b10: 08c6 3381 7ed3 a34e 93fd 1f97 bfdb a7ed  ..3.~..N........
00005b20: 2140 106f 5f94 df57 7f8e d5cb 29db 3105  !@.o_..W....).1.
00005b30: 16d1 67ea b32d 6083 6a8b b0dd 62cb b49b  ..g..-`.j...b...
00005b40: d65d fa28 950b 8fed 2488 9b36 6c7e 8fb8  .].(....$..6l~..
00005b50: 5de0 095e 07a1 97bb 6ddb 1834 3095 4f4b  ]..^....m..40.OK
00005b60: 618c c9d8 756f 2dec efd0 67d8 b3dd d863  a...uo-...g....c
00005b70: d6fe adca b11e 30f4 7cfb fff6 ce36 5acb  ......0.|....6Z.
00005b80: dda5 e1cb 38b8 283e 892f 8560 9d01 3e9a  ....8.(>./.`..>.
00005b90: 8e9e 5640 ae32 8faf 8395 d3e5 e305 7e3c  ..V@.2........~<
00005ba0: e777 e331 b802 84a7 0641 0721 1a2a 1ae5  .w.1.....A.!.*..
00005bb0: cd9e 0bc2 f7cf 6271 dce3 ce1e 5293 1b6f  ......bq....R..o
00005bc0: 5218 967e f734 9d3f 1d9b f601 3c1b c47e  R..~.4.?....<..~
00005bd0: 9b5f 6cc6 575c f164 e49c a817 7ee7 3a45  ._l.W\.d....~.:E
00005be0: 3ee1 05fa beda c707 23da e7cd be27 17d3  >.......#....'..
00005bf0: dfcb d4f7 1fd5 2ffb a2af df14 e1f6 12a0  ....../.........
00005c00: ace0 eb42 474f 2f22 5ecd c2f4 576e 7ec8  ...BGO/"^...Wn~.
00005c10: 0591 a6c9 0c41 d821 2053 06a1 9da7 10f4  .....A.! S......
00005c20: af3f 337c 1282 042e b24d b651 0553 b44f  .?3|.....M.Q.S.O
00005c30: b71d 0f72 4f3f 0198 eb93 0b04 ddd6 b880  ...rO?..........
00005c40: 705e 5f95 5d84 2edb 5d4b 5caf 3f95 0165  p^_.]...]K\.?..e
00005c50: 94f1 c530 4a00 fa17 a7fd 4bce 18bf dc06  ...0J.....K.....
00005c60: e89f 6b9f b3be 082e 7427 27c1 e7a0 455f  ..k.....t''...E_
00005c70: 97bb e92f 3304 2771 5b95 af16 49fe 8009  .../3.'q[...I...
00005c80: 038b a5a0 7916 d989 f850 4281 de73 ddd7  ....y....PB..s..
00005c90: 739f 291d d986 cef0 24ab 97a8 1e80 88ee  s.).....$.......
00005ca0: f000 ba5c 490b 9706 e52b 93a7 eb03 c19e  ...\I....+......
00005cb0: 07b2 46c1 8bde 10be 88ab 83f5 72ee 7855  ..F.........r.xU
00005cc0: 0878 90f1 76c4 46ee c6ef da8b 57d2 a5bc  .x..v.F.....W...
00005cd0: 516f 7402 79bf d43a 823f f344 032a ce5d  Qot.y..:.?.D.*.]
00005ce0: ea43 f5ea 65f0 baf2 1559 d215 db61 adef  .C..e....Y...a..
00005cf0: 1fd5 afdf ffaa fe31 fd3b 48c2 7ffd a350  .......1.;H....P
00005d00: 9434 6cf0 25ec 5600 9ab4 fd1c 706f 1f17  .4l.%.V.....po..
00005d10: afef a7a8 de09 b6ff 479c 5ea2 7888 125f  ........G.^.x.._
00005d20: 07db bbdd 298e 4766 e859 419d 024b 7bfb  ....).Gf.YA..K{.
00005d30: 7383 f8f7 9551 1e82 516f dbad b68a f66a  s....Q..Qo.....j
00005d40: 00e4 76c4 f8c1 c50b 801f 0108 3dd0 03bc  ..v.........=...
00005d50: 4f15 c20c 40f3 ceaa 1708 2862 ec25 04f3  O...@.....(b.%..
00005d60: 4284 e720 b5ce 92a6 88fa 5b80 5595 000c  B.. ......[.U...
00005d70: 6998 7b88 27d1 00bf 01e8 71bc b58f 8585  i.{.'.....q.....
00005d80: 2330 7ce5 e539 0b15 6072 af43 4e1a 2118  #0|..9..`r.CN.!.
00005d90: 320f 8f1f ac9e 6eaa 9430 359e 7980 e818  2.....n..05.y...
00005da0: 51f1 5e51 cf9b c365 1f69 04fc de0d 74ea  Q.^Q...e.i....t.
00005db0: 4d00 843f 65e0 5cf4 61bf 1226 e7cd 104c  M..?e.\.a..&...L
00005dc0: a31d 9319 746c 8083 e2f4 f87c 05b5 d816  ....tl.....|....
00005dd0: 00f4 2b61 7c51 17eb 4a48 2b06 65af 5334  ..+a|Q..JH+.e.S4
00005de0: 7a08 171a b103 d674 fa1a dfa7 ffcf 5cbe  z......t......\.
00005df0: f1a1 de9f 40f1 f20b 8ff0 5fd1 3f22 81a4  ....@....._.?"..
00005e00: edcb 7998 26e7 4077 af8b 0028 1d1b 20b3  ..y.&.@w...(.. .
00005e10: 8bd6 e7ef 1f97 74df 4402 4007 7d42 d26e  ......t.D.@.}B.n
00005e20: 8a00 2806 3e7b 7b44 3f93 05f9 9b24 f155  ..(.>{{D?....$.U
00005e30: 685f 0f2c e511 ef4f 7ed9 7b6b 6d31 498f  h_.,...O~.{km1I.
00005e40: 733f e9bf 9e3e c651 78a5 dec7 17f8 7919  s?...>.Qx.....y.
00005e50: 7a3e 7f56 568e e883 be9d 8e46 0714 dd80  z>.VV......F....
00005e60: 90f0 17eb a7fc ec5e 8050 2eda feb5 6dce  .......^.P....m.
00005e70: 53f3 90b4 3d1d d8a2 c743 dc8c b31e 2f71  S...=....C..../q
00005e80: 596d 3cd3 3ab9 455e 3c2d 01a0 6726 15c0  Ym<.:.E^<-..g&..
00005e90: 3f3c e778 0a1e 391e 9a61 8735 c072 f7f7  ?<.x..9..a.5.r..
00005ea0: a5be 0d82 b40b f9bd a293 2100 058d e720  ..........!.... 
00005eb0: 60f8 c9ff 1a60 6f4f d7ac e81f 67cb efa7  `....`oO....g...
00005ec0: 6fcb a0aa 105c 0d56 8cd8 c39b a29c 0e9c  o....\.V........
00005ed0: de18 bd2e 8bb8 a19e 13f8 3995 c282 ba4b  ..........9....K
00005ee0: eec2 2dd3 df41 cff9 91d9 ead9 fda3 fb76  ..-..A.........v
00005ef0: f735 a7b8 a24f 021c 7b82 90c0 8ef7 f9dc  .5...O..{.......
00005f00: 00a8 a473 f92d d364 69d7 4b3f 9187 b901  ...s.-.di.K?....
00005f10: 4306 a0de f5f5 3743 72ea 635e 06af 09c2  C.....7Cr.c^....
00005f20: d3d0 7314 8cf4 c154 573c 444d 9fd6 d70b  ..s....TW<DM....
00005f30: 86f7 a104 0f0d 7cb2 ff9e c2e6 617b df46  ......|.....a{.F
00005f40: ba0a 05f3 d6f9 3198 be0c f0df 01a0 953d  ......1........=
00005f50: ecc0 e34f 8023 dfca 8427 887e 79aa 5e6e  ...O.#...'.~y.^n
00005f60: bead 61e3 5bc7 b6ca 3d5f 4997 f3d4 29b9  ..a.[...=_I...).
00005f70: a7e5 7085 3d38 7dee ffb1 f64d 713a 2b7a  ..p.=8}....Mq:+z
00005f80: 9b68 f813 7e09 80f0 0264 bbfc bf0f fc3e  .h..~....d.....>
00005f90: dbc0 e937 13f8 e39f ea15 4262 8c3d e889  ...7......Bb.=..
00005fa0: 047c 6214 1884 2ad2 6f6e f406 62a3 a15c  .|b...*.on..b..\
00005fb0: 5bde 9f78 7d00 9e00 50bc 99d4 8f0b 044d  [..x}...P......M
00005fc0: 125f f37a c27f b0a3 ce0c 75f8 f17e 8b1b  ._.z......u..~..
00005fd0: 46f6 ede5 d846 784f 4bc3 a803 e0ee 5abe  F....FxOK.....Z.
00005fe0: e6e5 f0f3 c6df 0420 e529 1d08 5e5e b589  ....... .)..^^..
00005ff0: c38a 6430 fb15 3034 8f10 fa75 09fb a5eb  ..d0..04...u....
00006000: 80aa 0643 959e 6be7 230d 690f f560 a54f  ...C..k.#.i..`.O
00006010: bcb5 b545 f130 05c8 17c1 d363 8f57 3f88  ...E.0.....c.W?.
00006020: f09e 1f3f 2d00 7468 c6af c390 3d46 3c46  ...?-.th....=F<F
00006030: 13de 080d 9c32 d8c9 fed7 146d d806 1bb7  .....2.....m....
00006040: 5b5c b4b4 bdfc cebd efe3 6200 181e cdf7  [\........b.....
00006050: 7eed 43b6 3b43 0853 e0c8 d417 0e8b ec93  ~.C.;C.S........
00006060: 57a8 ede9 75c5 38d4 194b b49d fdbb 53fc  W...u.8..K....S.
00006070: 43ad 29ed 547a 9cb2 8d34 a52d e517 f62c  C.).Tz...4.-...,
00006080: 1074 6e44 da03 fcca 780d 007a 22b2 cd6b  .tnD....x..z"..k
00006090: 7d00 200a c88f b2a0 d1ad 12eb 0753 713e  }. ..........Sq>
000060a0: ce8d 69b1 4b3d 381f 9821 75a7 45b8 02d4  ..i.K=8..!u.E...
000060b0: 4660 83f5 ab82 181a e0fb b818 e943 d7fc  F`...........C..
000060c0: 087e c394 ce64 7164 b15d d208 e3a0 4c1d  .~...dqd.]....L.
000060d0: 7a25 3ce1 d2e3 98c1 6700 6e69 6924 48da  z%<.....g.nii$H.
000060e0: c63d 09bd 60c8 be4f 1b71 1775 f7f5 37a4  .=..`..O.q.u..7.
000060f0: dd24 e9d8 941a eb36 2659 87d5 2bf8 bbd8  .$.....6&Y..+...
00006100: 34ed 6af6 74bb 6239 6110 2e3a d116 d41e  4.j.t.b9a..:....
00006110: 3a25 7eb3 373f c25b 1cbd 4f83 a084 619a  :%~.7?.[..O...a.
00006120: cb6d dd01 a8bf 04c6 809d b42b a6ca f4ee  .m.........+....
00006130: b03c d0cb 53f1 b033 7981 4715 edd4 dbae  .<..S..3y.G.....
00006140: f5d3 809e 7b83 a2f2 bf90 fd5f 52de 9aff  ....{......_R...
00006150: 43e5 8e05 9781 ebc1 4b25 fdb3 f571 cc1f  C.......K%...q..
00006160: 8b41 bf09 9b8b 1d44 6e6f a46f 8c70 088a  .A.....Dno.o.p..
00006170: f426 87c5 2d60 c4f9 e120 25f0 b88c d358  .&..-`... %....X
00006180: d27a 507e ba1d 0044 014a c56d 3fe4 9d66  .zP~...D.J.m?..f
00006190: fa37 9947 0523 a190 a5c3 5041 c3d5 6e00  .7.G.#....PA..n.
000061a0: e477 77c3 a061 74ac 3bd8 1a99 5e2d a00f  .ww..at.;...^-..
000061b0: 1b7c 3ad0 7cb0 c9ff 200d 0892 1724 e795  .|:.|... ....$..
000061c0: b20d 3059 c2e3 3192 568f 0ec0 48b3 d5bd  ..0Y..1.V...H...
000061d0: c5e1 8736 e398 d759 ea0b af25 a650 67bb  ...6...Y...%.Pg.
000061e0: 2acf 65ab e974 a9dd e405 f2b8 7327 b2e9  *.e..t......s'..
000061f0: 266e b274 c1c6 8bad e5ea ec12 e8f1 7600  &n.t..........v.
00006200: 4f3c 3c9f 0e63 7902 7043 fd0a 207d cd51  O<<..cy.pC.. }.Q
00006210: c2a2 4c9e 57dc 5078 b547 68f2 4d11 914f  ..L.W.Px.Gh.M..O
00006220: 8125 9ea7 bff5 f0b1 f647 edfb b8b0 ef43  .%.......G.....C
00006230: 084e 02ab f761 a4a3 e3c8 eb15 cf6b 1200  .N...a.......k..
00006240: 2b04 f362 d6d3 cf34 d7fd 2df5 f3af 2ba7  +..b...4..-...+.
00006250: 9d51 0fb2 5140 4a60 f49a 502a a21b 243a  .Q..Q@J`..P*..$:
00006260: 3bbb cccc 5e44 debe c691 6a5f f6e0 4a5a  ;...^D....j_..JZ
00006270: 1ece 61e8 1f1c 279c a556 7655 1b93 25ef  ..a...'..VvU..%.
00006280: 0240 3a50 c057 4048 f0db f02c 0c96 ad22  .@:P.W@H...,..."
00006290: 30cc ab4d bda4 7363 2d48 a79c 1d1c 50f7  0..M..sc-H....P.
000062a0: 004f 3615 ef0f 60e2 0388 f038 bae7 b74e  .O6...`....8...N
000062b0: 7dc5 d348 f563 eaa5 bc6c dc1c e1f2 0060  }..H.c...l.....`
000062c0: 053a 540f 8ebf 01be 2d59 1e75 aaa2 5739  .:T.....-Y.u..W9
000062d0: 1f48 75da 445e cc56 5936 840e 85a9 8b82  .Hu.D^.VY6......
000062e0: c8d5 c1a7 1a2e 32d8 8627 0dfb f765 88f8  ......2..'...e..
000062f0: f578 e803 faf0 3644 4097 e380 a0a4 050f  .x....6D@.......
00006300: 1000 04e4 246c 01a0 dcfc f0fa 4cd0 5b25  ....$l......L.[%
00006310: 79ef 836f 4f61 7b6c 235c c783 8c01 b6a9  y..oOa{l#\......
00006320: 3f0f 28f2 bba4 e56d 9521 fd49 47e3 1d57  ?.(....m.!.IG..W
00006330: 02b0 db02 e318 4b4e 784f d7c2 4f36 65a5  ......KNxO..O6e.
00006340: 7119 17ca 77f7 d0a5 4f79 1aea d951 fa9b  q...w...Oy...Q..
00006350: ccf0 b2c0 7ee8 8392 6ef4 558a 87b6 ec76  ....~...n.U....v
00006360: e1b6 e975 5600 620d 0f85 511a 3f8b f218  ...uV.b...Q.?...
00006370: c799 341e 732a c370 e8d4 0093 0c04 095b  ..4.s*.p.......[
00006380: 3b4f 9d52 f371 494b 3bbc c8a7 6a92 e60a  ;O.R.qIK;...j...
00006390: c08f df3f 453f 45b9 d6a7 eb7e 0bf4 0c96  ...?E?E....~....
000063a0: 18b4 2231 32e7 2be5 d77c 7ee4 da99 c497  .."12.+..|~.....
000063b0: 7035 ec04 9d3d 005e 85a0 c0cf 1b15 dbbe  p5...=.^........
000063c0: af9d e885 4048 e715 6823 6c47 804a c085  ....@H..h#lG.J..
000063d0: 249e 1577 ba90 ff33 6b06 20d6 6600 385c  $..w...3k. .f.8\
000063e0: e4b0 bec7 e110 bc32 a94f 7920 f9e4 9efd  .......2.Oy ....
000063f0: 6b3e 8a23 69a0 de05 803e 1824 2cb6 6970  k>.#i....>.$,.ip
00006400: e0f1 892d 0856 fb88 8d57 1b1d d653 0f43  ...-.V...W...S.C
00006410: 3e09 7691 944d d7c2 643d 90ec 3fbd 9132  >.v..M..d=..?..2
00006420: 69ed 2b55 3d7e 176c b1c6 b570 0660 023c  i.+U=~.l...p.`.<
00006430: 9d98 fc48 415d 078c f689 be84 f680 5768  ...HA]........Wh
00006440: c7e2 1ccf 0b90 8b7e 87fc e858 4c87 e542  .......~...XL..B
00006450: 827d 3a1f 659d ebb5 ad00 20bc 3c24 c800  .}:.e..... .<$..
00006460: ec27 7559 bcd3 e2cd 851a bc30 503a 0473  .'uY.......0P:.s
00006470: 4db0 c184 0735 1904 4681 d792 571f bf02  M....5..F...W...
00006480: d1c0 cd3b 53a4 77ac 73d9 3383 98b2 bdfb  ...;S.w.s.3.....
00006490: 3f88 4199 3190 358e c296 cef3 2b5c d453  ?.A.1.5.....+\.S
000064a0: 25f5 0084 bc4e 1d7e 939d 4204 bc18 44b9  %....N.~..B...D.
000064b0: 8d8e 2003 08f1 97fc 0980 93a2 ed68 002a  .. ..........h.*
000064c0: 4054 1584 0cbb 3ed5 8d70 dfff 21fa 69cf  @T....>..p..!.i.
000064d0: 5c76 00f2 054a 3c40 a947 b923 8a7d 9794  \v...J<@.G.#.}..
000064e0: 4961 f969 e7a2 adb5 9cef 7937 97ef 3006  Ia.i......y7..0.
000064f0: f83c 1cfb 2300 c3c6 b007 6fdf 21f4 5715  .<..#.....o.!.W.
00006500: f2a1 fab1 5047 15bd c553 ca36 e4e1 eaed  ....PG...S.6....
00006510: 39b5 ed24 b603 c7d5 738b 7d2c 5c98 20fb  9..$....s.},\. .
00006520: 0caa 9c85 5550 8df2 f53a b449 815c 8fbb  ....UP...:.I.\..
00006530: c896 bb44 5399 8f08 f1b7 ce53 00ca 0620  ...DS......S... 
00006540: a819 6ec1 4fae 7010 8587 3bbb 31e8 1860  ..n.O.p...;.1..`
00006550: 1277 8220 3ca9 e99c a253 0560 0e00 1f04  .w. <....S.`....
00006560: 2a07 a00f 140c 50ac 05c6 60a5 6d83 59c6  *.....P...`.m.Y.
00006570: c1e2 6d80 efc3 17f3 1d82 f07c 7470 4de5  ..m........|tpM.
00006580: e530 a953 07df 0604 cda6 1800 a984 220d  .0.S..........".
00006590: 204c 7be9 bc25 df0d a1ed e099 e342 619f   L{..%.......Ba.
000065a0: 9af7 abb7 87a1 befa ebf6 6290 b1d2 c3bb  ..........b.....
000065b0: b46f 6fe3 4b5a 39c8 0876 541f 06a0 c4c7  .oo.KZ9..vT.....
000065c0: f938 1783 286c efe9 f100 53ef d0eb 511e  .8..(l....S...Q.
000065d0: 1217 7bd1 60e2 01c5 36b9 57bd 2d32 1f80  ..{.`...6.W.-2..
000065e0: cf41 27eb 7db2 eef7 2ac2 83c2 7e87 d8d7  .A'.}...*...~...
000065f0: 292d adfd 01df db74 6adf 2e8c 1de4 51d2  )-.....tj.....Q.
00006600: 4279 cf69 1bf4 ef12 57da 4144 3723 f6f2  By.i....W.AD7#..
00006610: 5496 d0cd cd0e b9bd 73f7 bcba 5edf be5f  T.......s...^.._
00006620: 542e 4e94 0607 c654 570a db23 3bbc 243e  T.N....TW..#;.$>
00006630: 4f89 63fe cd03 9d7e 712e c341 af22 6ff9  O.c....~q..A."o.
00006640: f883 4c51 65db 0adf e0d1 a0b2 00d0 1f03  ..LQe...........
00006650: d10e e403 c0b6 1d80 3e88 1974 0a43 819d  ........>..t.C..
00006660: ca61 4690 8417 0810 ea80 8ef5 ab84 e0e6  .aF.............
00006670: 3aa1 97f5 3000 4be3 08e4 48de 016c 00d1  :...0.K...H..l..
00006680: c088 700f 8bb4 9abd 3684 0ec3 f00b 0006  ..p.....6.......
00006690: 04b7 bdbf 023f bff3 8ba5 0d79 be52 7ee5  .....?.....y.R~.
000066a0: 3c5d c3f3 296c 01a0 0c32 825d 1740 868b  <]..)l...2.].@..
000066b0: 54f5 20fc b198 b378 1136 40b9 4f2c 103c  T. ....x.6@.O,.<
000066c0: 5f07 e0ed 5a5f 20b8 252d c01c d093 324a  _...Z_ .%-....2J
000066d0: bdd7 012f fd60 cde7 9afa 39c8 33ec e476  .../.`....9.3..v
000066e0: 2b69 52db e098 da58 ca85 38ed a2bd 55c6  +iR....X..8...U.
000066f0: 3d45 5a62 838d 3658 f26a f9b2 4a9a 652c  =EZb..6X.j..J.e,
00006700: 9136 c29f a6c0 9c12 9b9b aa7a 1601 7c56  .6.........z..|V
00006710: 7084 c7d4 5712 8438 c306 87ee 0502 2cec  p...W..8......,.
00006720: 05f6 7334 5c8c 2565 f2c1 503c 3f1f b018  ..s4\.%e..P<?...
00006730: 1c31 98dd 531b 07ae ab7b 86e2 09c6 14cf  .1..S....{......
00006740: 8ff1 ba25 0018 f52c e0f1 eda5 0e1c b7c5  ...%...,........
00006750: 67bb 8df0 6399 3781 0e1c de42 49d3 edb5  g...c.7....BI...
00006760: a168 fc13 1e83 2100 ba1d d573 2208 c61a  .h....!....s"...
00006770: 9bdb 32da 0d8f bdf8 0502 eba3 f22b 76e2  ..2..........+v.
00006780: 475d d466 de86 dddb eb9e 9f4e 977f 1870  G].f.......N...p
00006790: 63d0 a25d a55c f0f6 7d70 4a7d ea85 d1e2  c..].\..}pJ}....
000067a0: eb9d 567c 2547 e417 1255 1bb8 6c9b 7dd9  ..V|%G...U..l.}.
000067b0: 7f3f ecf1 fb7e 15e5 e9f9 1b5c e802 aedb  .?...~.....\....
000067c0: 1304 57f5 36ed eaf1 f51c cf13 f629 7de1  ..W.6........)}.
000067d0: 39a7 bbdd a6a1 d2d7 5c2d 8d9b 7472 e749  9.......\-..tr.I
000067e0: d5ca bb8c 97e1 7cce 7f28 4f84 f730 d253  ......|..(O..0.S
000067f0: 9fce b202 84e7 f519 3e3c 0b68 89b4 424a  ........><.h..BJ
00006800: 9a9e 6e1e ab83 1337 15c2 c312 00be f91b  ..n....7........
00006810: 1938 477e dd48 2bf4 0c7c 18b0 2c00 4f81  .8G~.H+..|..,.O.
00006820: 465e 0bbc 4d1b b0f9 4648 4251 9e57 4b10  F^..M...FHBQ.WK.
00006830: c6f9 00b5 7b39 b22d e109 b856 bfdd 30af  ....{9.-...V..0.
00006840: 17d5 d1ec 3d80 4e07 2da6 4d39 752a 0fd1  ....=.N.-.M9u*..
00006850: eed8 b8ab b7af d8b4 0350 9e03 849d 0384  .........P......
00006860: e44d 8b70 e182 cd00 43d9 0700 e5e6 5201  .M.p....C.....R.
00006870: a03f 001d 9e98 d6cd 6403 d2ea a5ed a6ed  .?......d.......
00006880: 60b6 d7c1 287d 0030 f372 c1e3 c7a0 cc81  `...(}.0.r......
00006890: 6d10 8197 1361 1217 798a 6df5 5193 1b01  m....a..y.m.Q...
000068a0: a8fd 3aed dbcf c5c5 0bc7 faaf 695d c2d1  ..:.........i]..
000068b0: 3779 681a 1c36 f2ba 6d95 afb7 6f57 2f7f  7yh..6..m...oW/.
000068c0: d8cc f3ee 7100 40fe 3044 01a0 4bd3 475f  ....q.@.0D..K.G_
000068d0: e6fe 4cf9 f67d 0ed3 6d1f d75d 256d 4e67  ..L..}..m..]%mNg
000068e0: 2bbf be4f 7994 7260 7ce8 7eb6 df2e 00d9  +..Oy.r`|.~.....
000068f0: 3050 9ff3 f78c b990 259d 3638 ed19 a1bc  0P......%.68....
00006900: d2a3 c323 1d80 37ae 90e8 c4de 8832 18e0  ...#..7......2..
00006910: f999 ecf3 3b36 887d 4a4b 2a53 dc61 bb4c  ....;6.}JK*S.a.L
00006920: f3de f38e b279 81e6 f125 0469 cade c153  .....y...%.i...S
00006930: 60d7 c33c 9cec 9536 44a7 7369 67f4 c18a  `..<...6D.sig...
00006940: 41ab 0398 17cc 6d20 17bb 0f79 705e 2cbe  A.....m ...yp^,.
00006950: 6014 0f90 6deb bf00 a0c6 93bb c0f2 5152  `...m.........QR
00006960: ba58 b097 2c00 d447 8c2e dbbf 7e89 0c80  .X..,..G....~...
00006970: 724c d28f a996 d749 da33 6703 d62e 928f  rL.....I.3g.....
00006980: 791d 36e8 acac 76d3 03a0 c060 eefd 452f  y.6...v....`..E/
00006990: 8e12 eef9 443f 6ae1 934d 4c15 8c53 3fd6  ....D?j..ML..S?.
000069a0: 594f 7f52 21da cfd2 d84e 9ff2 a132 c2fb  YO.R!....N...2..
000069b0: e327 0038 8da9 1d7b 1b77 691c a4df eadf  .'.8...{.wi.....
000069c0: d5e3 a85d d576 0d80 7e6c 134a 9c37 fd86  ...].v..~l.J.7..
000069d0: 4e2b f8ba 96f4 27f5 74cb 397d dcb9 bc3c  N+....'.t.9}...<
000069e0: 68bb 271e 306b 036d 6bcc 18bf 537a 5408  h.'.0k.mk...SzT.
000069f0: e9ac 0580 1ffe e0ec 3b3d f12f f201 5abc  ........;=./..Z.
00006a00: bb36 6075 600a e0dc 3361 88d9 9a95 dfb9  .6`u`...3a......
00006a10: f5ff 7b8a ff7f 8ab7 1320 9ece 95b7 1a08  ..{...... ......
00006a20: 7a5d 92e7 3255 0fed 34c2 621f 1b34 b8f2  z]..2U..4.b..4..
00006a30: e7a2 79d3 d984 41b2 db49 7afb 785e 3847  ..y...A..Iz.x^8G
00006a40: 3a32 8007 b8e5 630b e905 8ad4 7eb0 a3ff  :2....c.....~...
00006a50: 9a7d edf5 33f6 9e13 80e6 f1b1 0788 6931  .}..3.........i1
00006a60: 0350 f206 f8e4 0eb2 ec07 e07c 6d4c fb83  .P.........|mL..
00006a70: c098 808c 4f5d e9a0 146f c9eb 0710 560f  ....O]...o....V.
00006a80: d041 ab92 b4ab 0d61 97de c77b ffcd 9b80  .A.....a...{....
00006a90: 1b00 8c7a b908 70a8 6ffc 6a99 cca3 2f6d  ...z..p.o.j.../m
00006aa0: 80b7 5500 012a c3d4 9eeb 3100 dfec 26e9  ..U..*....1...&.
00006ab0: ca13 0ffa 1c9e 97a3 9fcb 62fb 0538 3dbd  ..........b..8=.
00006ac0: 2ef4 25ee d393 7a39 914f 87de 7500 625c  ..%...z9.O..u.b\
00006ad0: b97a 5e25 de8e a23c b24d 8965 416d 40f6  .z^%...<.M.eAm@.
00006ae0: 426f a917 76f4 2aa9 000c 401e 5431 2037  Bo..v.*...@.T1 7
00006af0: 0018 f15d ead9 7958 4ea5 533c 9d45 5878  ...]..yXN.S<.EXx
00006b00: 2934 55c3 c3cf 0141 1ac8 9836 f3b3 8401  )4U....A...6....
00006b10: c61f f610 ee08 c178 94c7 0d5e 8ea3 d104  .......x...^....
00006b20: 780d 7ade f1fa 9519 03b8 1c93 765a d2f4  x.z.........vZ..
00006b30: bcd0 2e24 6ecb b0b3 d8d6 1f7b 0168 0042  ...$n......{.h.B
00006b40: ec8b 8ded a291 deba 085e b4da ceed 27c0  .........^....'.
00006b50: 93d7 0df1 fb8f c801 8836 9234 a51e 99de  .........6.4....
00006b60: f050 b47b 7e65 aa78 cef2 c1e3 8737 11f6  .P.{~e.x.....7..
00006b70: 903a 868d 32ad badd 3dae da97 97be 2b7a  .:..2...=.....+z
00006b80: 72e8 45df 3600 b26d 4d5e 8612 8ef1 e465  r.E.6..mM^.....e
00006b90: f43c 0118 78b9 98d9 e4ba a5c1 9acb 39a9  .<..x.........9.
00006ba0: 96d5 d2c7 1801 f8d6 78db 92bc f43c 2d9b  ........x....<-.
00006bb0: 94f1 62e3 e141 65cd 9f81 d4a0 d4d3 d5b4  ..b..Ae.........
00006bc0: 298f 0ebd ae35 7db7 77cf 73d1 301e 3785  )....5}.w.s.0.7.
00006bd0: 027b e1ad a0d9 99b8 d0bb a202 5c05 e0d9  .{..........\...
00006be0: a634 eac1 f933 75ba ed1e 07e0 87ff 3bc0  .4...3u.......;.
00006bf0: 7119 8008 e375 c4aa 758a 2677 28c3 2bd1  q....u..u.&w(.+.
00006c00: 4f37 d9e7 9bf0 e27e 87e3 0442 4c81 e14d  O7.....~...BL..M
00006c10: 96ce c036 5b8c ed92 e3de f9cb 00f5 b00e  ...6[...........
00006c20: c065 207b dc29 cfc8 97f6 b9fd 641b f687  .e {.)......d...
00006c30: 87c0 1719 16bc 075c 60f4 d117 b5a5 7bce  .......\`.....{.
00006c40: eab9 e7da 9f42 50e4 1ea0 84f1 3458 2f4a  .....BP.....4X/J
00006c50: 1f76 e71f 9e1f bcc2 587f 3a99 e7a6 03c4  .v......X.:.....
00006c60: 8150 a6e3 6fb6 8da9 5ac0 4335 bdf5 21b6  .P..o...Z.C5..!.
00006c70: f287 8ebb f727 bf9e 17e2 777b 99e0 edb9  .....'....w{....
00006c80: 5a5b 8ee3 00b6 475e 942e c2f5 02f3 5ebf  Z[....G^......^.
00006c90: 0fd8 a7d1 0b34 37a4 e97a 1dd0 bee8 97b5  .....47..z......
00006ca0: 2ea9 7e7e 3976 b21b 95ec a931 fcd4 8e7a  ..~~9v.....1...z
00006cb0: 6e80 24b5 9126 f2e4 b276 e875 695a 0be0  n.$..&...v.uiZ..
00006cc0: f664 6d82 253b cdef c9db edf4 7449 5384  .dm.%;......tIS.
00006cd0: f4a5 3c4f 6be1 ba7a 380a cfe1 5cd0 5d00  ..<Ok..z8...\.].
00006ce0: 3edb 622c 0fb0 98f6 c497 202e 9dbb 3ccc  >.b,...... ...<.
00006cf0: 5c61 299e 5f4c c3e0 99f8 9476 8560 c210  \a)._L.....v.`..
00006d00: 7013 08c6 eb70 3a38 f395 b8e2 19ca 6096  p....p:8......`.
00006d10: 411b e756 efcf 1ef8 f57f 0fd9 6dc1 75ee  A..V........m.u.
00006d20: f043 a7d6 4741 7270 e6cd 8e0e bb0a be32  .C..GArp.......2
00006d30: 18d0 f065 7f06 20b6 c3d3 f636 c074 7782  ...e.. ....6.tw.
00006d40: 9fda 5b7e 2f1e d7bb 8880 3879 cc6c 675c  ..[~/.....8y.lg\
00006d50: 38fa 8d10 8525 9dc3 f6e3 410c 40eb 2b63  8....%....A.@.+c
00006d60: f88f 6f3e b0c3 3314 6002 1e0e 43de d6be  ..o>..3.`...C...
00006d70: e6e9 689f f1e5 96eb b23a c685 963c 225c  ..h......:...<"\
00006d80: 6096 3ede ec3d ee7b fd18 54fc 50b7 7ee9  `.>..=.{..T.P.~.
00006d90: 2706 68ad 67b4 27b7 3fa5 2fe1 0952 2a97  '.h.g.'.?./..R*.
00006da0: 3e83 975a cac7 fd87 f280 ad03 82ee 09ae  >..Z............
00006db0: 5f5d 31cf b8f7 c56e 1be4 d7ed d0a1 17f2  _]1....n........
00006dc0: 7c96 d9d3 aef0 1f2c f37c 3cb5 0201 8e12  |......,.|<.....
00006dd0: e7a9 1ba3 1778 2fbc c741 2176 0128 85c0  .....x/..A!v.(..
00006de0: 60f3 af8f c4d5 dc01 c8ff 6fa0 0fca 8460  `.........o....`
00006df0: ca3c 42f2 5468 9dcf 60c5 d3df f4e2 6611  .<B.Th..`.....f.
00006e00: 007d 00b3 8789 81c1 0379 f102 d109 bc41  .}.......y.....A
00006e10: 1600 4aa3 aa1c 687c a5a7 cfc8 6300 e78b  ..J...h|....c...
00006e20: f3be 40cd f970 a728 e1be df24 6d11 83da  ..@..p.(...$m...
00006e30: 4118 edc1 76f6 8b0e 40c9 ffbf 9901 089b  A...v...@.......
00006e40: e242 61a2 0b8d 482f 3075 2db0 4353 3aa4  .Ba...H/0u-.CS:.
00006e50: fce2 7119 1d74 522e 8716 7fcd 25fa 0bdd  ..q..tR.....%...
00006e60: d810 4848 f990 864e bdfd 5b87 fff4 af56  ..HH...N..[....V
00006e70: 5f13 be78 eddf 3be4 fdf8 c497 7bb8 6207  _..x..;.....{.b.
00006e80: 7e7c 0bed 0b3b 5a98 0039 073c 3c3a f90d  ~|...;Z..9.<<:..
00006e90: 484b fdbc 6e1d 607d 5bc7 90c7 c131 a4af  HK..n.`}[....1..
00006ea0: e753 7cd5 00be 3a36 6bff 3059 d930 85de  .S|...:6k.0Y.0..
00006eb0: 03a0 9ecb fdce d3eb f92c 79f8 abb2 0bf8  .........,y.....
00006ec0: 9af4 9c03 0004 77ac 6f64 3919 fe05 8202  ......w.od9.....
00006ed0: c011 5637 2a0c d0b6 7b3c cdeb 9c1e a076  ..V7*...{<.....v
00006ee0: 92e8 cc0e c000 617a 813c 30fb 6b6c f050  ......az.<0.kl.P
00006ef0: 0047 5cb5 e11d 025c 01c2 009d bd2b 1cde  .G\....\.....+..
00006f00: 21eb 675d efd3 c11e 3208 222d 0050 ca57  !.g]....2."-.P.W
00006f10: 1b89 7f29 1c36 824e 0d86 24d8 293d 83f4  ...).6.N..$.)=..
00006f20: 78d8 2358 da61 4b1e 0ff0 6300 c6db 336a  x.#X.aK...c...3j
00006f30: 67ff bd84 c5bf 2e70 2f28 0048 1054 9bab  g......p/(.H.T..
00006f40: fcae f90f 7ae4 c881 84cf 9089 a72d c700  ....z........-..
00006f50: 5105 a3bf ea96 90fc a5c7 a55c 564e f7fe  Q..........\VN..
00006f60: 1c12 f175 6100 3054 3fe3 ff2b 0076 bfec  ...ua.0T?..+.v..
00006f70: bb86 80a9 4996 4df8 6bd8 5276 b1ad 94b5  ....I.M.k.Rv....
00006f80: 7abc f62d 4409 9363 d1ef e971 9eb8 a123  z..-D..c...q...#
00006f90: 6de1 75d6 69bf 7b72 d20f 7a1b cb2f a0c4  m.u.i.{r..z../..
00006fa0: 7d08 301d c7de 8d02 6447 1100 4d0d 4e1e  }.0.....dG..M.N.
00006fb0: bea4 3985 0f70 5af5 bced 054a 9ab1 9fde  ..9..pZ....J....
00006fc0: df36 002d 9fd1 03fc aac2 2034 d8aa 6cfd  .6.-...... 4..l.
00006fd0: 4f1b df85 ab77 40d0 8fa3 5377 00c2 3bd1  O....w@...Sw..;.
00006fe0: 30f7 20f3 9fb0 e41d 4b78 807b d362 8e93  0. .....Kx.{.b..
00006ff0: 3034 e987 1438 de25 5d7d b5cb 077f 00d5  04...8.%]}......
00007000: 8f57 0076 1092 dc46 668f 0abc 947b 7e3e  .W.v...Ff....{~>
00007010: c031 e875 a0d0 ffb7 9def 044f 6530 e162  .1.u.......Oe0.b
00007020: 879b 1fb6 c65a 2112 ef53 7bdb c4f3 9f6e  .....Z!..S{....n
00007030: ffb2 26a8 b6b8 5c74 24cc c345 7941 f18b  ..&...\t$..EyA..
00007040: 4bf3 bc25 8cdb 34da c181 0a40 6a9c 77fb  K..%..4....@j.w.
00007050: 7f1e e101 d2ff f5d0 72bb 2da4 53c3 7e06  ........r.-.S.~.
00007060: ecf4 54f9 82b5 e5e9 f78f 63c4 c733 5ab9  ..T.......c..3Z.
00007070: 911e 661d 527e 78af 7867 59c1 76c6 e7a0  ..f.R~x.xgY.v...
00007080: 128a 722c daf3 9d6e fa89 5de1 e5fa b90a  ..r,...n..].....
00007090: 32af 0ffa 4b07 888e 175c 0875 40db f859  2...K....\.u@..Y
000070a0: 3c48 b70f 6b19 9fcb 98f5 f49a 6d19 801a  <H..k.......m...
000070b0: a6b3 1639 7f9d 0673 fac1 869e af7a 81d7  ...9...s.....z..
000070c0: 0078 5ad3 f73c 7adf 3f0a 4091 ae11 2e05  .xZ..<z.?.@.....
000070d0: 1a74 240e e2a1 505b 9e65 07dc 0240 787f  .t$...P[.e...@x.
000070e0: 2cf9 ea04 3a0e 8047 d0d3 e3fe 1104 e94c  ,...:..G.......L
000070f0: 0b04 0984 b178 1fb0 8387 5881 9783 e743  .....x....X....C
00007100: bd3e 1dd8 3ae0 4599 86fc 62b0 aa9d f6e0  .>..:.E...b.....
00007110: 8770 b111 3a90 4b3b 2dc0 f762 ef87 e253  .p..:.K;-..b...S
00007120: 49ba 2fe1 b82b 289d 1ee7 91cd 27e8 adf9  I./..+(.....'...
00007130: d345 e835 bd3f d81d 2fb9 ab04 7cfe 1bd0  .E.5.?../...|...
00007140: 7408 aae7 fd0a 8ffc f502 4051 5b86 707b  t.........@Q[.p{
00007150: c785 c2ed a5d0 f076 c78d 2f91 9ca7 6092  .......v../...`.
00007160: 7fb7 e970 5028 007e 0ebe f8f0 810b 1703  ...pP(.~........
00007170: 4c9b 71b7 1840 eec2 1a32 b631 5bd0 47a6  L.q..@...2.1[.G.
00007180: b614 e7f0 b28b 1d03 e0d1 07b8 1c58 d303  .............X..
00007190: d8ad 9f27 04f3 df7a 7a5b 7bbd 513f 1e7b  ...'...zz[{.Q?.{
000071a0: 2b40 ac0f 00b6 3c9e d0c7 c42e e1c1 c3a6  +@....<.........
000071b0: f030 b9ef 9474 6bff 04ec 5037 eeb7 1d54  .0...tk...P7...T
000071c0: d917 b3bc bd0e 9d09 47a6 c223 0049 7dfa  ........G..#.I}.
000071d0: 5bbe 3613 6b80 3700 702b 7c4f fd9c be2f  [.6.k.7.p+|O.../
000071e0: aa00 748f 8f34 42d0 cf31 e0b9 1482 d4a8  ..t..4B..1......
000071f0: 2e78 889b 201c bdc2 f4e6 1880 3897 8f49  .x.. .......8..I
00007200: 78f7 5a64 5fca 37af 53ac 0042 e7e4 8e14  x.Zd_.7.S..B....
00007210: 772a 7530 bce6 8733 fd17 839e 1fe5 c0d5  w*u0...3........
00007220: b774 ba9e d786 f44a a99f 1d6f 1720 ef40  .t.....J...o. .@
00007230: 3a68 2e17 940f d19b e84d bdbd 1fe2 f1d1  :h.......M......
00007240: d243 7c3d da61 1800 f40b 8301 a642 53f3  .C|=.a.......BS.
00007250: 38d9 3a19 a0d7 d7ed 64cd 0d53 67b1 bfb6  8.:.....d..Sg...
00007260: b3ca 4068 764a c044 3ff2 70e9 37d1 07dc  ..@hvJ.D?.p.7...
00007270: 53c3 fef2 aca8 e843 1ee9 01f0 f000 bc5f  S......C......._
00007280: e020 aa0f 5f24 b57f 7cd8 5b2e 3160 43d6  . .._$..|.[.1`C.
00007290: 56a8 a7e4 a31e f0bb 415d 3d3f af8f 94b9  V.......A]=?....
000072a0: f70b 8ca1 3e96 f802 a803 99c2 795b ca82  ....>.......y[..
000072b0: 2721 fae3 6692 674f 97d3 473f ed30 5af5  '!..f.gO..G?.0Z.
000072c0: 6c10 c3b9 ae32 4da7 633d af23 d3e0 0020  l....2M.c=.#... 
000072d0: a5df 2569 05f4 24ad cd3c 329f 4d00 deaa  ..%i..$..<2.M...
000072e0: a930 9312 702e 829f 7560 0bc7 27b1 3138  .0..p...u`..'.18
000072f0: 1700 3608 26f8 9ade cd13 9820 981e 4a05  ..6.&...... ..J.
00007300: 9fa4 8501 5bbc 191e 041f 2e8f af70 0ac0  ....[........p..
00007310: b81d b680 a436 32af af42 108d 67f5 2eb0  .....62..B..g...
00007320: 13c5 8d92 ecfc 990f e7b7 916f 97a4 e153  ...........o...S
00007330: 0529 7f81 defb cb05 76a2 0ba4 446f 223b  .)......v...Do";
00007340: 867f 64a5 f0c3 afca 8e89 8d6c b9e0 02cc  ..d........l....
00007350: 0fbe 48bd c460 957d 0141 ac0f feb2 3535  ..H..`.}.A....55
00007360: fea7 4bb2 8687 ff27 22f0 b029 a2c8 bd24  ..K....'"..)...$
00007370: 8050 20e8 bf7c 81cd 7e91 53cd 1020 4e00  .P ..|..~.S.. N.
00007380: 0c48 783b e785 d16f ee78 ffc0 3fdc 926d  .Hx;...o.x..?..m
00007390: 9b72 19d0 4bfb 61ad f66c cb07 48c3 40bb  .r..K.a..l..H.@.
000073a0: 7ea6 1f1e 2383 0de3 4ac7 0e0d 7e0d f7bc  ~...#...J...~...
000073b0: 386e 1f67 6a23 69d7 b7b6 36ee 1724 1c67  8n.gj#i...6..$.g
000073c0: 8026 40b8 3e75 7b4b a52f 7a59 aff1 4005  .&@.>u{K./zY..@.
000073d0: 786e 7882 53ba 4b1a 45f9 807a cfa7 43f0  xnx.S.K.E..z..C.
000073e0: 1000 8fc4 3922 4967 0220 2058 8e2d 61ee  ....9"Ig.  X.-a.
000073f0: 0dc6 74b7 c2b0 4050 f63d 8c6f 9858 e7cd  ..t...@P.=.o.X..
00007400: ab3c 03b1 5f21 71b3 2500 a8e7 e4dd 5374  .<.._!q.%.....St
00007410: 26dd c795 3400 07c8 51c3 0d00 2c6b 80f0  &...4...Q...,k..
00007420: e6b0 ef0d 1fb6 4347 f075 3fd8 b36f 2f79  ......CG.u?..o/y
00007430: ede9 d93a 7cac 9989 0270 e7aa 682b acb1  ...:|....p..h+..
00007440: f8ba a0ca 6e94 7c88 281d 788f b8d1 85b2  ....n.|.(.x.....
00007450: 467b bda2 cdde f555 45fc 1737 85c4 0f91  F{.....UE..7....
00007460: fd7f e00f 1520 94de 20be a81c 2024 4f19  ..... .. ... $O.
00007470: 7964 dfc8 3e82 306d c38f 9c01 0864 0376  yd..>.0m.....d.v
00007480: 2ab9 4062 0dd3 a4c7 3ff2 e68f dadc dbcb  *.@b....?.......
00007490: 06ac c02f 3d52 ed6f 3f44 ad5e 3f0c 8027  .../=R.o?D.^?..'
000074a0: d16b 3e04 2eea e32d da95 c336 fa89 0850  .k>....-...6...P
000074b0: d6f1 e3e5 0a08 521f 6700 3270 f85c 4ebb  ......R.g.2p.\N.
000074c0: c763 f105 1965 e6f2 73f9 36b5 e105 46df  .c...e..s.6...F.
000074d0: e634 3dcf e523 0a21 1b87 8061 7e92 eb3b  .4=..#.!...a~..;
000074e0: 01e8 837d 6bfd 4fd2 892b e6e0 0502 86dc  ...}k.O..+......
000074f0: 1938 5cf7 0142 87e1 0242 eddc 04c1 0184  .8\..B...B......
00007500: bc06 1440 d46d 1b20 19d7 bc3c 390e 6f2f  ...@.m. ...<9.o/
00007510: aea0 ed2a 1a9d 3400 877d 1603 5004 f0f5  ...*..4..}..P...
00007520: 8e6c 309c d43d 846e df72 f5ed f912 f478  .l0..=.n.r.....x
00007530: 9d24 a6bc 2af1 0409 7672 3ce2 e760 916d  .$..*...vr<..`.m
00007540: 788c 023b 40ef fdc5 7ee5 18fe 0320 ca2a  x..;@...~.... .*
00007550: e726 900c 7a02 85fc cf6d 0608 018d 400f  .&..z....m....@.
00007560: 0f55 f303 d6f6 c689 4d25 71e3 40d2 c10c  .U......M%q.@...
00007570: 41fb 896f a32d d1b6 d266 1d80 009f dee8  A..o.-...f......
00007580: f02f 83c7 6cc1 cbd2 1f8b 8a1b 299f 0663  ./..l.......)..c
00007590: 6d7f b6cb 9bbf dee7 374e 241f ed9f 3a63  m.......7N$...:c
000075a0: a96b 9afc 5037 4f5f 4b9b 92f2 5802 10fd  .k..P7O_K...X...
000075b0: a57b 720c 088c 3bbe 30c4 5aa0 971d e508  .{r...;.0.Z.....
000075c0: f5f2 a887 26b2 b427 f8cd 65f5 f2ee f46b  ....&..'..e....k
000075d0: a4df a7a8 0140 fa85 9dc3 81a2 3268 3aca  .....@......2h:.
000075e0: a0da e7d7 f4af 0030 2a72 056a 8bf6 e263  .......0*r.j...c
000075f0: 00c2 c06d ba8b 7003 1f55 b41d cb73 1386  ...m..p..U...s..
00007600: 09c1 be9d 3747 5610 aeb2 78e4 2134 f171  ....7GV...x.!4.q
00007610: c943 d751 d038 04c0 6e0f 8089 6d9b b6b9  .C.Q.8..n...m...
00007620: d231 eed0 5647 0ca0 b9d0 c93a 14d1 f1f8  .1..VG.....:....
00007630: 9b8f 6803 819b 828e bc3d 83a7 fd0b d417  ..h......=......
00007640: 07aa dc50 417b 77f0 85a7 e7ff c14d 3ca2  ...PA{w......M<.
00007650: 7717 d604 f1dc 20fe 1d27 fea1 95c2 31bc  w..... ..'....1.
00007660: 349b 1a07 004f 0959 693f c02c b669 3903  4....O.Yi?.,.i9.
00007670: f043 5ef1 4fde 3d1f c08f ff7f 0c1e 98c7  .C^.O.=.........
00007680: b6c4 519b 38f4 e025 624d 51fb 894a b61d  ..Q.8..%bMQ..J..
00007690: 84fe 188f 9cd7 9739 b8cd a6f6 5b35 f41d  .......9....[5..
000076a0: f28a b82d 23cc db10 80e3 5f00 6533 df80  ...-#....._.e3..
000076b0: 20e9 f97a 59f7 2edc 3dfd 0552 cf09 f4e8   ..zY...=..R....
000076c0: afe0 8087 2f9e e0c0 a1c9 0b1c 0188 caa8  ..../...........
000076d0: 8601 3caa c5eb e705 1c9e 70ab 9ac0 56a6  ..<.......p...V.
000076e0: 570d 82b1 3d78 8501 c184 61c2 afc2 30df  W...=x....a...0.
000076f0: 2881 6768 de0b 7b89 3c4d 5ad6 8854 09bd  (.gh..{.<MZ..T..
00007700: e844 67f6 febc 8ed8 2ff5 a630 3abe d8f1  .Dg...../..0:...
00007710: 90b2 d34f 5e83 860f db0c bc59 7399 0298  ...O^......Ys...
00007720: 5e67 b11b fee1 353c c6b8 6bfc 9a0f 4dc7  ^g....5<..k...M.
00007730: 0d02 c0ed c3e5 fbfa 0eb0 eaa7 82cc a6ba  ................
00007740: 9fbf 3f00 3b05 116d bbe2 ff12 3b18 e557  ..?.;..m....;..W
00007750: f242 1f92 32c0 eb03 00ad 1cfd e697 7978  .B..2.........yx
00007760: faba 9e02 2da1 6b20 64f0 7548 e631 802f  ....-.k d.uH.1./
00007770: a696 043c 817d 3cbf e8c7 d9e3 0b2f 8eda  ...<.}<....../..
00007780: 917f a7f6 b845 0cc0 d2fe ee60 445e b47d  .....E.....`D^.}
00007790: 5503 0059 bc24 30d5 6f57 0b00 cd06 1d80  U..Y.$0.oW......
000077a0: 2cb4 7ba9 838f 37bd 79b2 330d 7e9a 0a55  ,.{...7.y.3.~..U
000077b0: 0cdf 40d6 e316 4986 389f 8037 ea64 8f63  ..@...I.8..7.d.c
000077c0: 4cc0 c33e 065d 87df 0cc1 55fd 6d12 004b  L..>.]....U.m..K
000077d0: ce89 299f 0fe4 8424 bcc0 4909 bfe8 c4c5  ..)....$..I.....
000077e0: 66cd fb0b bb70 ddd3 9663 dcd0 7065 7795  f....p...c..pew.
000077f0: 8133 c4e3 ab2d f298 e037 8575 31fc cc6e  .3...-...7.u1..n
00007800: 043b f7f6 f4c2 f562 2fe0 0b0c e041 c1eb  .;.....b/....A..
00007810: 2ad3 ccab cfe0 890c 6a01 a3ae 8060 3ea7  *.......j....`>.
00007820: 2779 6939 c50b 7dcb 692f 9721 6e76 b907  'yi9..}.i/.!nv..
00007830: 0830 7e8a fc9f 6575 4f8f c5c7 a40e f1a6  .0~...euO.......
00007840: cb67 3eb7 c84b 34d8 d7be e337 6e70 b343  .g>..K4....7np.C
00007850: faaf 0dd8 190c 68bb ebfd e4bf 2306 9f08  ......h.....#...
00007860: 7d94 fbd3 a1ba 2c10 3c39 1bbc 4fea d8f7  }.....,.<9..O...
00007870: 7e07 0ef8 cc25 d39f 6f84 7408 ee02 30bd  ~....%..o.t...0.
00007880: 9ae7 654a 3b9d a762 6076 e891 623a 0ce3  ..eJ;..b`v..b:..
00007890: a082 bb5e 206d fb5d b66b 10c4 f381 f17c  ...^ m.].k.....|
000078a0: 9b0c 5c1f c498 a6f1 736f 80a2 4213 1ea3  ..\.....so..B...
000078b0: 4bc2 187e d5e0 a2d9 e8c5 2e3d 7c43 bce6  K..~.......=|C..
000078c0: 51cf 21b8 e92f 1f07 0cd7 2bee 1eec ae1d  Q.!../....+.....
000078d0: 2b8a 8ed7 f7b3 2d00 a0d2 3963 dbec 8707  +.....-...9c....
000078e0: e1fb 872f 70b1 e98f d460 1aab 7797 0155  .../p....`..w..U
000078f0: f72e 056a 5216 693b 0018 a0c4 dd4f bcb9  ...jR.i;.....O..
00007900: 529f e9b3 fd15 d083 5a7e f646 903d 39a0  R.......Z~.F.=9.
00007910: d3f2 0f5f d343 ff50 597d f486 0dfa ed79  ..._.C.PY}.....y
00007920: dbf3 2ba2 8b24 b4c4 7990 7afb 3f32 af9e  ..+..$..y.z.?2..
00007930: f6ad e9e3 e2db c76a ce1a 890d 9afe 64ab  .......j......d.
00007940: 3a2e 1982 2300 5505 64b6 bfc4 89b8 06b3  :...#.U.d.......
00007950: 23e0 9bd4 6158 064b dbe6 2b41 0726 1b25  #...aX.K..+A.&.%
00007960: f669 a049 187f d9ba e844 dbf2 6ffc 62fd  .i.I.....D..o.b.
00007970: 30a7 d3dd d89b b6bb 5173 0777 efee d47e  0.......Qs.w...~
00007980: cb76 8f9f c044 7ab2 df3b 6057 875c 3fde  .v...Dz..;`W.\?.
00007990: 55c0 47db 6c97 f0b6 293c ed97 20cc 8b15  U.G.l...)<.. ...
000079a0: 79ea 0e41 4c19 1582 ee61 c9f4 3abc 4af2  y..AL....a..:.J.
000079b0: 3601 3a86 a742 ed97 796b 8069 7a86 1043  6.:..B..yk.iz..C
000079c0: b6c1 9184 7445 980d c4eb 826f 2f51 06ad  ....tE.....o/Q..
000079d0: b7d7 5dbd 3dbf 331d 3387 737a 7e7c c12a  ..].=.3.3.sz~|.*
000079e0: ed3f 5c28 cbfe a91e fb8a d0de 485f f67b  .?\(........H_.{
000079f0: dec7 45fd 137d 45da 1a7d a4e5 7548 97ba  ..E..}E..}..uH..
00007a00: a21f d50b aea7 edbf daa7 3cdf 5bd2 cfef  ..........<.[...
00007a10: 0176 a337 00ee 42b0 c45b 0167 da3b 2600  .v.7..B..[.g.;&.
00007a20: f4b9 7a9b 1a77 a1a2 3a18 31b8 3c3c 0656  ..z..w..:.1.<<.V
00007a30: df27 00fe 5f7b d77a 1eb9 8e2b 3b85 4e61  .'.._{.z...+;.Na
00007a40: 5270 0a4e c129 3885 4961 52d8 1436 851b  Rp.N.)8.IaR..6..
00007a50: dcb9 0312 4516 0a20 253f c6a7 3dab 1ff5  ....E.. %?..=...
00007a60: b5c4 0708 8244 09a4 1e9d e186 f5c1 6a93  .....D........j.
00007a70: d6c8 8e22 c7e1 a4d4 fe5b 8c1c ec74 273b  ...".....[...t';
00007a80: f1e3 320e 2b17 652b d155 88e4 37d3 a86e  ..2.+.e+.U..7..n
00007a90: 5a56 f8d2 0213 b540 95af 64c8 60bd 61cf  ZV.....@..d.`.a.
00007aa0: 6157 a024 3d5b 1e62 efec d549 65de 8402  aW.$=[.b...Ie...
00007ab0: 3129 0186 87d6 fd06 83e9 30a2 8597 f976  1)........0....v
00007ac0: c924 befe d6ca 7c76 712e 97e3 7607 111d  .$....|vq...v...
00007ad0: ed1d e362 88f9 c4c4 3148 dfec 61f3 8896  ...b....1H..a...
00007ae0: ba7c 215b cd9d 69a7 5886 2f62 bbfa 1f01  .|![..i.X./b....
00007af0: e6f4 7be6 36fb 137c 6ec0 8312 8cc9 5be5  ..{.6..|n.....[.
00007b00: 8f79 e498 2b38 8e08 fb7c 329b e715 d31e  .y..+8...|2.....
00007b10: 2501 0e87 2c48 b046 4168 89fc d6e5 78a3  %...,H.FAh....x.
00007b20: b2ea 7430 2e4d 86e6 989e 1e91 cb34 d8f1  ..t0.M.......4..
00007b30: 0a4f 3e48 3ec1 a3a3 7e02 f931 923d 707c  .O>H>...~..1.=p|
00007b40: 1fb6 47d9 8fb6 d5ea 9b6c 4edf 1061 b317  ..G......lN..a..
00007b50: 41f3 2acc b932 db81 33c5 f161 bbf6 c828  A.*..2..3..a...(
00007b60: 13e0 bc79 809b 4f1c 01fe 7ce9 0f15 6319  ...y..O...|...c.
00007b70: ca11 9db5 359f c574 527a f508 b2c9 4514  ....5..tRz....E.
00007b80: 8767 1df3 03dd 4a78 b859 c6a4 a773 0004  .g....Jx.Y...s..
00007b90: d51c f4a5 3fda 32be 5ff8 543f dea2 88db  ....?.2._.T?....
00007ba0: 0273 bef6 68ca c66c 1e8f e55b 21e7 bd38  .s..h..l...[!..8
00007bb0: a363 8911 a1f9 c5cd fb3b fcce fbc2 7e79  .c.......;....~y
00007bc0: ba1d 92cd b278 391c f2dd 46a7 e5df cd86  .....x9...F.....
00007bd0: 4464 88f0 3071 b561 444b 73c2 57c8 0417  Dd..0q.aDKs.W...
00007be0: f3fc b835 6e6d ce09 cb8a 251d c488 c161  ...5nm....%....a
00007bf0: 3d6f 9691 725a e7d9 4072 95ec 1456 ceeb  =o..rZ..@r...V..
00007c00: 26bd 0381 bd15 6abb 6997 0add 36c7 11a1  &.....j.i...6...
00007c10: d633 b9cb e8dd 31f7 45b2 7d6b 44f9 950d  .3....1.E.}kD...
00007c20: 3201 129e 1121 4552 c412 18cf ca21 0ac4  2....!ER.....!..
00007c30: 3214 4b56 23c1 b6e4 b4b2 8da8 f45d ec0e  2.KV#........]..
00007c40: d4c1 18da 6fbf 01d6 6fe8 bcbc 18f0 4400  ....o...o.....D.
00007c50: 919d 6d83 0811 417e b4e5 8cbe ad1f d61e  ..m...A~........
00007c60: cf27 447f 73fc 2278 6c31 c7aa 791f c8d0  .'D.s."xl1..y...
00007c70: cae3 7783 d65f 7bdd f140 878f 80e7 0de4  ..w.._{..@......
00007c80: cf88 b5a7 8fbe 78fa 593d b673 f289 226e  ......x.Y=.s.."n
00007c90: 927f 5636 7083 2336 e59e 7b04 3437 a4e7  ..V6p.#6..{.47..
00007ca0: 32a1 83ae 9296 ef0a c489 c78e 60e9 b9d1  2...........`...
00007cb0: 0cde a49c d160 9fb0 1e8d 8ce5 6e34 c4d2  .....`......n4..
00007cc0: c1f8 2609 c3f7 054f c165 1d4d e237 03f6  ..&....O.e.M.7..
00007cd0: 0969 4e22 7ece 8e81 e3f7 b43f eaba fca3  .iN"~......?....
00007ce0: f1d8 4e3a b5c1 203e 2092 8fd9 2d8c 8fbc  ..N:.. > ...-...
00007cf0: 22d6 4830 d8dc a2a6 fe76 475f 7e7a 2468  ".H0.....vG_~z$h
00007d00: 911e 9ee5 fb49 7774 7ff5 f768 9b83 6bdb  .....Iwt...h..k.
00007d10: bf81 fd39 2ba3 91a1 e985 1b5e 0df6 c6ca  ...9+......^....
00007d20: eb62 899b 64cf b1c2 dc30 dbb4 df67 5f45  .b..d....0...g_E
00007d30: 50f4 3796 bf85 bd79 6c77 e3cc bec0 73bf  P.7....ylw....s.
00007d40: 2a8b f2db b1fb 93a8 c8f9 33a3 5697 1ffb  *.........3.V...
00007d50: f83e d937 4cd2 3ef0 7e05 4ee4 47c7 6103  .>.7L.>.~.N.G.a.
00007d60: d99f 9573 821c 03ff 49c6 ae06 1193 6d49  ...s....I.....mI
00007d70: 7c0d b30c cab5 dfe6 70f3 3891 9d10 1fe4  |.......p.8.....
00007d80: 842b ef67 2091 1f39 9696 bdef 1d43 a165  .+.g ..9.....C.e
00007d90: 703e 6408 d1be 0741 ce8e 00ef 7d09 a317  p>d....A....}...
00007da0: 25fd 8e5f 1f97 79b3 602c 8b3d 12c4 eb6a  %.._..y.`,.=...j
00007db0: 580a 1f11 20e6 3396 b023 dff5 198f 4135  X... .3..#....A5
00007dc0: f2eb 731d 9126 dfec 3019 a64f b0a1 d80f  ..s..&..0..O....
00007dd0: 0487 b986 4002 c763 e92a 373a 2c6f ec8b  ....@..c.*7:,o..
00007de0: a13c a1cd 599f ebec e458 0ea3 8ff6 bb1b  .<..Y....X......
00007df0: 4b96 b12b 7716 a56f 5354 7a96 884a 39a7  K..+w..oSTz..J9.
00007e00: 11b7 cc3e 821b 2662 dc54 6450 decb 7cc0  ...>..&b.TdP..|.
00007e10: b4a1 2d2f d664 3826 840e 60a1 4885 148d  ..-/.d8&..`.H...
00007e20: 7014 08a7 3a81 e084 9bbc 58ee 0f91 5f85  p...:.....X..._.
00007e30: 0302 0440 627c ae65 14a8 139c 5751 c89d  ...@b|.e....WQ..
00007e40: 8476 1f51 6390 9564 66f2 b33a 18ff 3c06  .v.Qc..df..:..<.
00007e50: 93f8 ec8b 376d be38 e104 12a4 0810 776a  ....7m.8......wj
00007e60: 1301 3ef5 bd3f 8ef8 1081 a5e8 cd75 6a73  ..>..?.......ujs
00007e70: d357 0393 2c09 4e4a ad8f 5ebe da27 e328  .W..,.NJ..^..'.(
00007e80: 17f3 1dbf ab55 83f5 0f77 97e3 db45 93b4  .....U...w...E..
00007e90: 9544 d99e ad3d f2cb 2332 a9f2 f5fc a3c0  .D...=..#2......
00007ea0: 389f 92fb 06a2 fcd3 6804 1849 6e12 61b8  8.......h..In.a.
00007eb0: 52e2 3760 5e3d 3309 faa4 1e13 9e89 b093  R.7`^=3.........
00007ec0: 217e 9321 64c2 ce3d 858a 0867 7a76 b288  !~.!d..=...gzv..
00007ed0: 36a1 1c9a 1731 65ae 26f1 2928 d128 ac6f  6....1e.&.)(.(.o
00007ee0: 4a1e 2aa3 0097 6932 8a32 6579 6ddf 7598  J.*...i2.2eym.u.
00007ef0: 657d 9956 e457 6d0e 8cf2 4c36 3daf 2640  e}.V.Wm...L6=.&@
00007f00: 736e bdf0 becc 7765 db05 74de 15c6 fe5f  sn....we..t...._
00007f10: 1501 36f2 b0b9 e917 5e10 5722 be03 f085  ..6.....^.W"....
00007f20: daea 23fa 0331 37d8 dcf9 d149 69d8 c5cb  ..#..17....Ii...
00007f30: 8f7d f2c5 bce1 63d6 37bc 8a49 c1c3 2061  .}....c.7..I.. a
00007f40: ef0f 96bf e182 ecd1 2013 cf18 0f6a efad  ........ ....j..
00007f50: 8493 020f afff 1619 e7a0 515c 15d9 e1bc  ..........Q\....
00007f60: cafb 386e 20b6 f1dc 9b92 a15f 4d43 34f8  ..8n ......_MC4.
00007f70: e277 d0ec 6eda 581e 3b7e 1a68 2065 1033  .w..n.X.;~.h e.3
00007f80: 11c6 c932 1d8a 2628 2b3c 2641 07ea e3f8  ...2..&(+<&A....
00007f90: 98dc d660 a2c5 b205 3a0d a329 8124 b8f3  ...`....:..).$..
00007fa0: 6b1f 4a14 658a 41aa 00f2 e163 4655 36eb  k.J.e.A....cFU6.
00007fb0: eae0 3a9e 566e f457 5059 dc27 cbaf c605  ..:.Vn.WPY.'....
00007fc0: f3c1 d23d 0fa4 30de 15f6 bbb6 f68b 68a9  ...=..0.......h.
00007fd0: 3faf d79f d9c3 bfd3 21cf ca56 c467 e7a1  ?.......!..V.g..
00007fe0: 0d9f ef78 958f 23a8 a6a3 cfd7 3677 6d0e  ...x..#.....6wm.
00007ff0: ffb4 57d9 7e47 9aaf bf06 01a6 0bb2 cb3f  ..W.~G.........?
00008000: 223f 10cb 5303 fa3e 3f58 8ac0 2146 8371  "?..S..>?X..!F.q
00008010: 5f52 6fcc 9c5d 9d84 6fe3 9d05 119f 82fb  _Ro..]..o.......
00008020: 847e f045 a4e3 4f90 2626 243d 4700 000e  .~.E..O.&&$=G...
00008030: 1d49 4441 54a0 6408 82ac b02a 7fef 04d8  .IDAT.d....*....
00008040: 0ccc 46f7 49c2 5721 109f 4681 bc61 3cea  ..F.I.W!..F..a<.
00008050: d160 0e12 b441 2ba2 3600 469a 4e25 4441  .`...A+.6.F.N%DA
00008060: ca2b 092a 5476 872f 61da 8be7 4fe3 dcf4  .+.*Tv./a...O...
00008070: 4af2 161b d635 f929 a97d 142a df01 db9c  J....5.).}.*....
00008080: 00eb 1cf2 548e b6e1 58dd 28d1 7676 3246  ....T...X.(.vv2F
00008090: 5b6e ff78 618a 6303 e201 e960 45d1 be27  [n.xa.c....`E..'
000080a0: d8d0 dffe f82f e33f 067e 78b9 5f70 ed31  ...../.?.~x._p.1
000080b0: 197c 9dba 3d03 e865 ffaf e157 81df e922  .|..=..e...W..."
000080c0: 833f d200 6265 d2e6 fe80 88aa b93c 6ce6  .?..be.......<l.
000080d0: b650 7b32 1a39 0205 e19c 2330 75f2 bf18  .P{2.9....#0u...
000080e0: e62b 9a76 886c 1f8a 00f9 2ae3 c456 105e  .+.v.l....*..V.^
000080f0: 203d 9b08 3448 763e 49d0 5087 f2ea 0098   =..4Hv>I.P.....
00008100: 34d3 a194 14ce 77b6 efd3 3889 f9e4 3460  4.....w...8...4`
00008110: 128f 0fad 3a01 2a79 2a11 9e76 f680 42ff  ....:.*y*..v..B.
00008120: 25b8 bcca d980 75e2 5f47 b3c5 02c3 56a3  %.....u._G....V.
00008130: 4fa2 0f95 0965 e538 40f5 2359 3362 32bb  O....e.8@.#Y3b2.
00008140: 0bf9 35f4 a806 af22 4602 7cf9 e73f aff8  ..5...."F.|..?..
00008150: 20eb cb3f ff35 fc32 74e2 5a13 db39 f4ff   ..?.5.2t.Z..9..
00008160: 7ee9 64da 7e9d 0c11 85f2 36ce b44b 9e2b  ~.d.~.....6..K.+
00008170: dd0e 79bb 649e 67e7 ab70 8ee8 2242 9b3a  ..y.d.g..p.."B.:
00008180: 0645 f9c7 c2ca 2e9a 7ef6 9c7f 3902 d43a  .E......~...9..:
00008190: 1e01 86cd d446 507d 3f03 7b80 7c43 642c  .....FP}?.{.|Cd,
000081a0: 199c c814 ede5 f867 c393 2f5f 7204 98c3  .......g../_r...
000081b0: 6403 0d62 2208 72a4 d061 8593 5e31 39f1  d..b".r..a..^19.
000081c0: 2743 77c3 d36f d8e7 e7f1 4806 c389 b17d  'Cw..o....H....}
000081d0: 9e88 aeee 2122 4c8e 5e41 f53f 0b95 33fb  ....!"L.^A.?..3.
000081e0: bd85 965f d5bd 75fd d197 5956 74f0 fc50  ..._..u...YVt..P
000081f0: 8e8e f537 21c9 e876 b4b1 c6af 1e63 1e34  ...7!..v.....c.4
00008200: 5234 226c 6448 f073 fb30 6bff 48eb 6f42  R4"ldH.s.0k.H.oB
00008210: 3418 311a 4936 70d4 f80e fc32 4c12 e4a8  4.1.I6p....2L...
00008220: 6ff6 87e6 82d8 2281 c625 47d5 9583 4ea4  o....."..%G...N.
00008230: 4810 e79e a7e5 0d79 3c37 ba9d c036 2ae5  H......y<7...6*.
00008240: b245 de4e cff7 20cb ec76 0b3a 2e50 c9c1  .E.N.. ..v.:.P..
00008250: f96d 909e 0f34 2660 2439 22c5 968f 32b8  .m...4&`$9"...2.
00008260: 824f 02e4 08b0 da03 cc04 4883 9408 c101  .O........H.....
00008270: 65dd 69f6 2032 c383 b67e c711 fb99 780b  e.i. 2...~....x.
00008280: a13f 8631 6fd6 2012 0111 625f d0e4 4e1d  .?.1o. ...b_..N.
00008290: e7a4 5ea3 e8c3 617e 556e 03b3 07a0 7992  ..^...a~Un....y.
000082a0: df6c c765 39ad 95a7 b6d1 cf02 9c17 da27  .l.e9..........'
000082b0: c046 5ab7 d5f1 311f 1715 3f1e 693f 7ab9  .FZ...1...?.i?z.
000082c0: 3649 9d0c a763 d15c 0370 d16d c01e 1f13  6I...c.\.p.m....
000082d0: 679f 8bed 33fd 40f8 ea75 f146 0896 e01a  g...3.@..u.F....
000082e0: fde9 3c40 9f16 fdaf c642 ed71 84e1 c427  ..<@.....B.q...'
000082f0: 0846 1dbd 425f 1d99 2ed3 a72a 68bb 7dcf  .F..B_.....*h.}.
00008300: 3282 fdb6 d451 cabc 0d39 5203 aa7e e3bc  2....Q...9R..~..
00008310: 4ad7 f283 ac3d fd96 09c9 f134 8f41 8020  J....=.....4.A. 
00008320: c967 8347 7a4c 9473 ef70 2e93 4399 d086  .g.GzL.s.p..C...
00008330: 1827 1181 c3f3 33f9 e143 92f4 5149 fbb5  .'....3..C..QI..
00008340: 08cf 7fe7 a316 1d3d 2af5 4774 0c20 bf97  .......=*.Gt. ..
00008350: f899 a281 111d 769d 872e 069d e481 483e  ......v.......H>
00008360: 0295 f941 40d7 4aef 71ee 6df3 782c 106c  ...A@.J.q.m.x,.l
00008370: 20c7 da9e e5ad 1d33 1320 8fb5 cec7 8a7c   ......3. .....|
00008380: 80e8 ac4a 8e58 bd28 8c2c 053e 7775 6f3b  ...J.X.(.,.>wuo;
00008390: 4680 d4df 1dd8 c654 77a0 208b 80fb db31  F......Tw. ....1
000083a0: e573 6439 8fbb 5de6 c3dd 0d96 2763 6fb2  .sd9..].....'co.
000083b0: ba1d 33f1 3101 8eb6 394d 4132 554f 3d5f  ..3.1...9MA2UO=_
000083c0: a1aa b34a dbe5 a7b2 bff5 6b04 9806 2874  ...J......k...(t
000083d0: a293 a14d 2626 c531 6164 e220 4def 5831  ...M&&.1ad. M.X1
000083e0: 8104 2402 20dc fb40 a833 74c4 656b 15f1  ..$. ..@.3t.ek..
000083f0: 8567 cd9c ec62 04c8 9160 c4d8 0b15 024f  .g...b...`.....O
00008400: 137c a0d0 ff5d 50b9 9f80 525f c5cd fbb6  .|...]P...R_....
00008410: 1827 073b f4b0 0543 e48d 8906 1968 87c7  .'.;...C.....h..
00008420: 912f 3a0d 3ad6 1c81 bb9d 70ee 6df0 3c01  ./:.:.....p.m.<.
00008430: 0162 a592 befc a3f0 d5cd 404b ff31 f450  .b........@K.1.P
00008440: 7ba4 3e3b 461e db9c f258 df44 1482 4034  {.>;F....X.D..@4
00008450: 6f84 92d5 0acf 159e 0e50 c859 41f5 1a80  o........P.YA...
00008460: 0d8e a0f5 50f7 ad72 4426 eb76 db4d 2c60  ....P..rD&.v.M,`
00008470: 4c28 ff1b 4544 84f8 38e6 f848 2601 c4f7  L(..ED..8..H&...
00008480: c40e 15e4 cb15 2838 3f11 82b7 df26 374d  ......(8?....&7M
00008490: 6ae8 d0db 23c2 c2d5 bb61 3e4a 3050 3c66  j...#....a>J0P<f
000084a0: 30b1 27ef be74 987a 2502 f934 a8ec 3f09  0.'..t.z%..4..?.
000084b0: 6ab7 187b 7578 3d67 3bac 96be 3a69 397d  j..{ux=g;...:i9}
000084c0: 7d81 cbe4 33e5 c432 1cf5 7d0a 16ed 57f6  }...3..2..}...W.
000084d0: 687d d773 45d9 87e9 8c1f 8192 d6cb 97a1  h}.sE...........
000084e0: fffd 413e efe8 d1b7 e9a4 bf1b a03f 8ed1  ..A>.........?..
000084f0: bf05 d806 6a97 15b4 fead 1ae0 12ad c28f  ....j...........
00008500: 4682 b6fc 9d57 d6de d931 097f d413 1d48  F....W...1.....H
00008510: 7213 7453 58cf b323 cc65 38a2 3502 5dd5  r.tSX..#.e8.5.].
00008520: 535e 9af0 53f7 0aaa 47b9 91ad 93bf 229a  S^..S...G.....".
00008530: 434c c739 333e 4bc7 830c 9597 da73 5472  CL.93>K......sTr
00008540: 0529 9dda 5a11 a041 c72c d83b 2093 e092  .)..Z..A.,.; ...
00008550: e838 4da0 758f 11f5 08b6 b8d9 457a ddef  .8M.u.......Ez..
00008560: 9416 f27d 3cdd 06cf 0677 f84c 1e4a 329c  ...}<....w.L.J2.
00008570: bff8 f5ff 61c9 7508 cf06 2b8b 6395 5b41  ....a.u...+.c.[A
00008580: e556 6db1 3e15 5466 8d44 841f c10f 071f  .Vm.>.Tf.D......
00008590: 57f0 f2b7 6aaf 6085 eaea a5e7 4758 d555  W...j.`.....GX.U
000085a0: b229 21f5 8f91 1d23 3850 8551 6eaf 9fda  .)!....#8P.Qn...
000085b0: 6609 7694 03ec 0864 87d2 f9f8 9731 dadb  f.v....d.....1..
000085c0: 1320 cae3 98d3 6a79 3bd9 5386 c1ec a724  . ....jy;.S....$
000085d0: 558e 91a6 15c8 4456 139a 8ea1 da30 a08d  U.....DV.....0..
000085e0: 45b6 8dda 35d9 44c7 60d8 a2a7 65f2 73a2  E...5.D.`...e.s.
000085f0: 68e4 04dc dbef aba3 4adb 01e5 463d 6fe7  h.......J...F=o.
00008600: d551 13d9 490c 795d e61e 45fd 4f42 22bd  .Q..I.y]..E.OB".
00008610: 33f8 9161 3e7e 8b04 8849 c091 8d62 4e22  3..a>~...I...bN"
00008620: 1005 a00d a091 33a8 2629 939e 965f a370  ......3.&)..._.p
00008630: a433 1875 441f 8074 4a0e 13ec a6ce 4424  .3.uD..tJ.....D$
00008640: 7080 f712 e092 64ef 055a 9e12 544d 56a8  p.....d..Z..TMV.
00008650: c3c7 09a1 4d95 b581 cb9d 63ac 04a6 6456  ....M.....c...dV
00008660: a59d 1d17 8645 7385 3e47 b0be 026a 23b5  .....Es.>G...j#.
00008670: b9da e4de df46 7935 1841 bd18 9efe f909  .....Fy5.A......
00008680: bc1a e85f f64e 83fe b0de 91cb 6cf0 823b  ..._.N......l..;
00008690: e0fe 78d1 80e9 d98f e3a3 475d 5ffe afe8  ..x.......G]_...
000086a0: 01cd 6b00 3157 6999 b827 3177 cc3b fc35  ..k.1Wi..'1w.;.5
000086b0: a199 9fbe 8563 2adc 12c1 e9c0 fb00 2a01  .....c*.......*.
000086c0: 2af9 7d77 acc8 6eef 6015 e1e1 b7b0 e3a7  *.}w..n.`.......
000086d0: 429c 2c9c 9f70 ca2d a85e 8520 53eb be13  B.,..p.-.^. S...
000086e0: 6ac7 77e2 ed7a f53a e7c6 2bf6 3d5c b082  j.w..z.:..+.=\..
000086f0: 7d63 3efc e5c5 d01c dd88 859c de89 26a6  }c>...........&.
00008700: e358 ef5e 1349 0419 0222 9274 5e92 4c8d  .X.^.I...".t^.L.
00008710: 3365 7618 41c8 1bf9 82fd 91cf 352f c1ec  3ev.A.......5/..
00008720: 8ddf 13c8 0498 a095 6ec5 2fc0 6534 adc2  ........n./.e4..
00008730: aecc 2eaf 82b6 aff9 6f87 3a57 8610 e098  ........o.:W....
00008740: fcea 38ef 053b 94e6 7199 aafc 0e2a 43e5  ..8..;..q....*C.
00008750: f8f9 9dea d831 9f6f e555 6947 9076 c8ae  .....1.o.UiG.v..
00008760: 4a8e e37c d9fe 1950 5ba7 6550 d97b 2735  J..|...P[.eP.{'5
00008770: db4b ded9 451f 3179 3bd4 1fa3 6fe6 b415  .K..E.1y;...o...
00008780: 54ae d6d5 73cd d33a 7aae d0b6 2a19 2761  T...s..:z...*.'a
00008790: 76e4 5f4e df60 d87f 876d 0387 ca22 ffa8  v._N.`...m..."..
000087a0: 736a 803f 0d6d 7775 bec1 c2a0 8a55 fad7  sj.?.mwu.....U..
000087b0: 419d 373a 6076 4ac9 bffb 317e 4b39 47d0  A.7:`vJ...1~K9G.
000087c0: f655 c70a 5cb7 9277 27e2 9067 40fd 6d0c  .U..\..w'..g@.m.
000087d0: 26cb f3ed 8a0e 263f a5af 6065 bb4e ed31  &.....&?..`e.N.1
000087e0: 9ee7 f91f 1459 ff0b df04 29e1 7f0c df7d  .....Y....)....}
000087f0: c21e 399d 3a27 c109 2692 c87b a1ed 1ec1  ..9.:'..&..{....
00008800: eb9d 21b2 96e7 c447 0408 ddd7 04b6 90f7  ..!....G........
00008810: 2e74 594c 8078 6612 7a7f ddf6 c785 4f44  .tYL.xf.z.....OD
00008820: 4ab8 f0a9 5839 6195 f61e ace4 73be 9615  J...X9a.....s...
00008830: 2cc9 efa0 de69 a84e 5de6 2093 1d01 3ad1  ,....i.N]. ...:.
00008840: 5528 cb97 6d57 e7aa cf11 4806 b7ef b0e5  U(..mW....H.....
00008850: 7088 5053 fd0b 0f8a 9470 e15b a072 fe0a  p.PS.....p.[.r..
00008860: 4a08 5c87 0821 9189 d659 d58f 28ef 64a7  J.\..!...Y..(.d.
00008870: 7a85 7ea3 fd7e ac04 c344 18c9 52e5 56e7  z.~..~...D..R.V.
00008880: 0ba4 3eef 20ed a93e b41f d8c8 30d5 bff0  ..>. ..>....0...
00008890: a048 0917 fe0a 140e 5fe6 1d9d 73bd 2acf  .H......_...s.*.
000088a0: 4184 d021 6f51 9c95 0552 6292 d3e3 50a7  A..!oQ...Rb...P.
000088b0: 9257 a471 bdad 8c0a b17c 49f2 77df 13f4  .W.q.....|I.w...
000088c0: f3ef 4c82 baf7 bddb 03ff 0b90 12be 3d74  ..L...........=t
000088d0: e08e b0ab 8f73 2db3 4bff 3a9c 715e 2dff  .....s-.K.:.q^-.
000088e0: 0eb8 530f 2252 322a f241 0a99 000d 1b9d  ..S."R2*.A......
000088f0: 465d 9265 e5b8 dd52 1695 55f9 950e 419e  F].e...R..U...A.
00008900: d6d9 e857 e809 e0a6 88e9 c077 87b3 4e8f  ...W.......w..N.
00008910: 0bf5 0df5 85bf 1029 e14b a0c6 fd37 a1ba  .......).K...7..
00008920: fdbb 3872 482e 5795 2d9c b52c 9b1d 3a80  ..8rH.W.-..,..:.
00008930: 9c7c 7c89 079b fe55 7921 0326 c048 347c  .||....Uy!.&.H4|
00008940: bcd6 05f5 4bd9 aaf3 ada7 f53c b5c7 6df6  ....K......<..m.
00008950: 43f5 80ec a487 e834 ea15 187a cd2f 8d9b  C......4...z./..
00008960: 3c23 c0f6 0d4a d5e5 c2a3 2125 7c2a aa09  <#...J....!%|*..
00008970: a004 f461 9c78 8405 505d be2f d859 71ae  ...a.x..P]./.Yq.
00008980: 796b e70d 3720 347f 38b5 97b1 473e 9c04  yk..7 4.8...G>..
00008990: 2361 1040 265c 6f25 5feb 56fa 53db d5e3  #a.@&\o%_.V.S...
000089a0: 2fac 7b58 9226 b95d b740 9ca5 2e2e afd4  /.{X.&.].@......
000089b0: 770f be33 cc9f ed1a 4be2 dbdf 36f7 fe2a  w..3....K...6..*
000089c0: a484 3f8a dd44 e03c 25ae 8c39 b118 2b79  ..?..D.<%..9..+y
000089d0: 8f01 76b8 8f42 65f1 f97d efc8 0589 843a  ..v..Be..}.....:
000089e0: 200c 3c7a 5212 08b5 2dce cf6d 4cf9 aa3f   .<zR...-..mL..?
000089f0: d555 f92e afbf f286 ef3e 8a2e 52de f6dc  .U.......>..R...
00008a00: 1a49 ab7c b247 aa77 04ed 8be6 37a0 0d7f  .I.|.G.w....7...
00008a10: 2c06 646d 693f fa8d 915a a70b 0f82 9470  ,.dmi?...Z.....p
00008a20: e15b 809d 4fcf c581 d589 fd78 1945 3544  .[..O......x.E5D
00008a30: c2a9 890c b2a6 e38f 7642 1dad 47f0 fada  ........vB..G...
00008a40: 5e3b 6e32 7d59 69b8 fbbe 1acb f5f2 e331  ^;n2}Yi........1
00008a50: 1495 0f3d 9d20 b5ee d4cf cf91 a6bf cbe3  ...=. ..........
00008a60: 853d 5c16 f602 6bbd 2e3c 0052 c285 8747  .=\...k..<.R...G
00008a70: e57c 553e 1c92 ce51 c689 03f9 4c7e 70e2  .|U>...Q....L~p.
00008a80: 7a0f 0f98 118f fdd3 decd 1cdd 7e9d a472  z...........~..r
00008a90: a4b5 d0db dbe2 7dc6 a9cb dc57 1b6f 5cb0  ......}....W.o\.
00008aa0: aed4 8f41 a0c9 16b3 1d23 c9d0 6f26 324d  ...A.....#..o&2M
00008ab0: c3f1 ce96 e338 b7c5 3743 c61f 2a69 b90b  .....8..7C..*i..
00008ac0: 8f80 94f0 8d51 4cc6 bf0e 0ba7 03e0 a44b  .....QL........K
00008ad0: 679e e598 f440 0af3 9c22 bad4 9ecb 0469  g....@...".....i
00008ae0: c932 156d aec9 33cb 0aed 52fb 40d9 afd1  .2.m..3...R.@...
00008af0: 3f27 df65 04d8 fb3b a231 9655 c9c5 b182  ?'.e...;.1.U....
00008b00: f2d6 375d 506e 92ed 1505 3e34 52c2 8587  ..7]Pn....>4R...
00008b10: 061c 52d3 396f e5c4 54d6 9db3 4624 b254  ..R.9o..T...F$.T
00008b20: 3f94 9bff c782 282d 128c a725 5da3 2ebc  ?.....(-...%]...
00008b30: 6c84 1e63 59cb ba08 5a5b 3f7c bff0 2802  l..cY...Z[?|..(.
00008b40: c4a3 2915 0a92 0be9 9a07 bdd5 ae65 7b1e  ..)..........e{.
00008b50: 29df 0fec 70e1 df40 4ab8 f0d0 5838 9c92  )...p..@J...X8..
00008b60: 9d3a ef80 9735 6774 8766 f2ab ce93 f393  .:...5gt.f......
00008b70: 531b f1f4 af6b f73b 9e19 271d 5fda 9ec7  S....k.;..'._...
00008b80: 3d22 0ced 531f a7ae 9d28 d7ed dce3 3e60  ="..S....(....>`
00008b90: 2513 c7da 0ef7 df31 dae1 6369 8f23 ce2b  %......1..ci.#.+
00008ba0: 0a7c 58a4 840b df0a e6a0 7e5c 39f5 c8a7  .|X.......~\9...
00008bb0: 72e2 d089 f024 2da7 6399 daa3 bf44 8041  r....$-.c....D.A
00008bc0: fe6a 19ad b072 4e62 1ef5 05f2 abc8 88d3  .j...rNb........
00008bd0: 76cb 5ff4 b991 9f44 a9c1 4ed2 869c 073b  v._....D..N....;
00008be0: 40ee b26f f3ce b495 e1e3 bd9e 17be 1829  @..o...........)
00008bf0: e1c2 b704 39ae 3aef 8097 7567 6672 ab8e  ....9.:...ugfr..
00008c00: 6b10 4199 533f cfbf 130d ed92 ac35 4908  k.A.S?.......5I.
00008c10: 8c20 e88e ef58 fa6a 3f20 1379 f67b 4880  . ...X.j? .y.{H.
00008c20: 9dfc d23e a0ca 56f9 da8e d70d 1120 9f33  ...>..V...... .3
00008c30: eeb2 ef78 11e0 2322 255c 7858 9823 6a1a  ...x..#"%\xX.#j.
00008c40: e71d c1cb c269 099c 16f3 11ed f9b1 118d  .....i..........
00008c50: 4733 f68b bb9c ed4e 2dd5 67b2 38ed f456  G3.....N-.g.8..V
00008c60: d6e5 8e76 531f a2fc 70be b5cf ad2f 81f9  ...vS...p..../..
00008c70: 1b7e a1de 5ebe f6ab b4a7 b677 8b8f e7e0  .~..^......w....
00008c80: b895 4f65 2ffc 4b48 0917 1e12 e274 09ec  ..Oe/.KH.....t..
00008c90: 980a 290b 8725 871e 24e7 75ca e702 859c  ..)..%..$.u.....
00008ca0: f045 e4b6 fc15 5209 8451 e950 a195 9f77  .E....R..Q.P...w
00008cb0: 7463 ddd9 9ff4 16cb d0bd 9039 706f 329b  tc.........9po2.
00008cc0: be4e d651 bf29 2b41 d243 db43 ef45 047a  .N.Q.)+A.C.C.E.z
00008cd0: ef51 a0e5 d95b 4ae3 c6c8 599b 5cf8 d348  .Q...[J...Y.\..H
00008ce0: 0917 be25 c851 d9a1 2b47 2347 0e08 e5b9  ...%.Q..+G#G....
00008cf0: 0c11 1f88 c9c9 6444 6c88 6c1c 8138 2a1d  ......dDl.l..8*.
00008d00: 4a78 795b fa9a 3c5b b6b2 3e0c 6e63 d5cf  Jxy[..<[..>.nc..
00008d10: 0427 2343 5b62 7b9f 5957 86e4 a15f 8900  .'#C[b{.YW..._..
00008d20: 0d7a 4ee9 7cf7 f9da 0b7c 38a4 840b 0f89  .zN.|....|8.....
00008d30: c2b9 527e 052d 771b 4e9c 50d5 1bf9 be24  ..R~.-w.N.P....$
00008d40: 7520 fa6b 7b7f 4704 d864 177a 54b0 f220  u .k{.G..d.zT.. 
00008d50: d590 27fd d236 567d 1519 4367 d467 392c  ..'..6V}..Cg.g9,
00008d60: 4bf3 09a3 7f76 4c7a 771b 6a9b 3d6f 46c8  K....vLzw.j.=oF.
00008d70: fa3f 2245 f90b 5f89 9470 e15b 020e c5d0  .?"E.._..p.[....
00008d80: 325e 0ece aa10 8281 a333 e98d 7427 405b  2^.......3..t'@[
00008d90: 4eda fedf 886a 5416 6424 3d16 a076 661f  N....jT.d$=..vf.
00008da0: b45f 53ee beaf 0a22 c041 4824 87cf a177  ._S....".AH$...w
00008db0: 5106 fd0b 8417 f4c9 7d1a 3769 ee1e 115e  Q.......}.7i...^
00008dc0: 51e0 a320 255c 7838 144e 95c0 0ec8 a8cb  Q.. %\x8.N......
00008dd0: adc8 8ff7 feca 72c8 a308 10af aa8d e5b1  ......r.........
00008de0: eb31 6569 34b7 41ab bf23 4094 e134 943b  .1ei4.A..#@..4.;
00008df0: 817b 2472 f433 dbcd d309 a1ff a11e e9be  .{$r.3..........
00008e00: 2236 26f5 3be9 a0e5 2e7c 3552 c285 6f87  "6&.;....|5R..o.
00008e10: c279 77a4 5039 b338 fd11 018e 1b20 f4ae  .yw.P9.8..... ..
00008e20: eea7 1160 8800 155e 06f9 a15c 214f 65e3  ...`...^...\!Oe.
00008e30: 260b 64b0 1c3d 9634 b6c9 6c57 e52b 79c7  &.d..=.4..lW.+y.
00008e40: 7eb5 9b21 37da 5355 1d2f 7c29 fe1f b56e  ~..!7.SU./|)...n
00008e50: 5c1a 0025 45dd 0000 0000 4945 4e44 ae42  \..%E.....IEND.B
00008e60: 6082                                     `.
